date,region_id,admissions,age_group,sex,temp_mean,temp_min,temp_max,dew_point,rel_humidity,pm25,is_holiday
2020-01-01,R1,11,65-74,F,15.3,11.4,21.1,10.7,74,15.3,1
2020-01-02,R1,14,65-74,F,16.9,11.9,21.7,6.3,49,31.3,0
2020-01-03,R1,9,55-64,F,15.7,10.3,21.1,9.4,66,36.1,0
2020-01-04,R1,11,65-74,F,15.7,9.6,20.6,4.6,47,21.4,0
2020-01-05,R1,10,65-74,F,14.6,8.9,18.1,5.7,55,23.3,0
2020-01-06,R1,9,85+,M,12.2,6.3,17.0,-0.8,40,20.1,0
2020-01-07,R1,7,65-74,F,15.4,10.9,20.6,9.9,69,24.4,0
2020-01-08,R1,14,85+,M,12.1,8.3,17.5,2.7,52,26.1,0
2020-01-09,R1,14,55-64,M,12.7,8.2,17.7,-2.5,34,19.0,0
2020-01-10,R1,16,45-54,M,16.8,12.1,22.5,5.1,45,25.3,0
2020-01-11,R1,13,45-54,F,7.5,2.1,12.8,-2.0,51,19.3,0
2020-01-12,R1,10,75-84,M,12.6,6.0,17.4,0.9,44,27.5,0
2020-01-13,R1,10,85+,F,13.4,7.0,17.2,3.3,50,22.1,0
2020-01-14,R1,13,55-64,M,11.5,8.0,15.5,5.1,64,31.1,0
2020-01-15,R1,17,55-64,F,12.8,8.6,17.4,2.9,50,26.3,0
2020-01-16,R1,9,85+,F,8.8,5.4,13.3,1.2,59,36.0,0
2020-01-17,R1,10,55-64,F,9.5,2.4,13.7,4.8,72,22.7,0
2020-01-18,R1,10,85+,F,11.4,7.1,16.9,2.2,53,21.2,0
2020-01-19,R1,17,55-64,M,12.0,7.5,18.1,6.0,66,35.1,0
2020-01-20,R1,8,75-84,F,16.2,9.5,21.0,6.9,54,34.9,0
2020-01-21,R1,7,45-54,M,13.0,8.4,18.0,4.8,57,29.4,0
2020-01-22,R1,15,85+,F,4.8,-0.2,8.9,-7.2,41,23.4,0
2020-01-23,R1,10,55-64,F,10.8,6.3,15.5,6.6,75,30.6,0
2020-01-24,R1,12,75-84,M,9.9,4.7,15.1,-1.9,43,28.5,0
2020-01-25,R1,11,55-64,F,11.4,5.2,15.7,1.4,50,17.4,0
2020-01-26,R1,7,55-64,M,16.9,12.5,21.0,8.7,58,19.4,0
2020-01-27,R1,7,45-54,M,15.3,11.3,20.1,10.2,71,30.5,0
2020-01-28,R1,11,65-74,F,9.3,4.5,14.5,-0.2,51,30.8,0
2020-01-29,R1,13,55-64,M,10.0,5.0,14.3,3.7,64,28.0,0
2020-01-30,R1,16,75-84,M,7.4,3.5,13.6,1.0,63,31.0,0
2020-01-31,R1,11,85+,M,8.7,3.8,13.4,1.9,62,36.0,0
2020-02-01,R1,9,55-64,M,10.3,5.7,13.5,4.0,64,37.4,0
2020-02-02,R1,9,85+,M,9.1,5.1,13.7,5.7,79,31.8,0
2020-02-03,R1,14,45-54,M,14.4,8.9,20.2,5.6,55,29.3,0
2020-02-04,R1,19,65-74,M,11.3,6.5,17.5,6.3,71,38.1,0
2020-02-05,R1,10,85+,F,5.3,0.8,11.8,0.2,69,25.6,0
2020-02-06,R1,12,75-84,F,6.7,1.4,12.9,1.4,69,17.7,0
2020-02-07,R1,16,75-84,M,6.8,1.2,10.2,4.0,82,31.1,0
2020-02-08,R1,6,65-74,M,11.7,6.4,16.9,5.1,64,25.0,0
2020-02-09,R1,13,85+,F,11.3,7.4,16.2,8.4,82,25.6,0
2020-02-10,R1,14,55-64,F,8.2,1.9,14.1,3.6,72,32.2,0
2020-02-11,R1,11,65-74,M,12.9,8.3,18.0,9.4,79,21.4,0
2020-02-12,R1,10,45-54,F,9.3,3.7,14.5,-4.1,38,18.0,0
2020-02-13,R1,8,55-64,M,9.9,4.8,15.7,3.3,63,32.2,0
2020-02-14,R1,13,45-54,M,10.2,5.6,15.7,1.8,56,29.0,0
2020-02-15,R1,3,45-54,F,3.1,0.5,7.5,-1.6,71,28.2,0
2020-02-16,R1,8,45-54,M,11.5,6.4,15.7,1.8,51,22.3,0
2020-02-17,R1,14,55-64,F,12.5,8.9,17.9,0.7,44,32.1,0
2020-02-18,R1,14,55-64,F,5.4,1.0,9.4,-4.1,50,31.9,0
2020-02-19,R1,8,65-74,F,11.1,6.4,14.6,7.0,76,28.2,0
2020-02-20,R1,12,45-54,M,8.1,1.1,15.2,1.0,61,30.6,0
2020-02-21,R1,12,75-84,M,6.9,1.5,11.0,-7.2,36,19.5,0
2020-02-22,R1,15,75-84,M,3.9,-1.4,8.5,-4.1,55,30.8,0
2020-02-23,R1,18,65-74,F,3.3,-1.7,10.9,-3.0,63,37.1,0
2020-02-24,R1,5,85+,F,6.1,1.9,11.6,-4.3,47,33.3,0
2020-02-25,R1,17,65-74,F,7.9,3.2,13.8,-7.6,32,28.3,0
2020-02-26,R1,15,45-54,F,9.1,4.9,12.6,-15.8,15,27.3,0
2020-02-27,R1,13,75-84,M,7.8,4.3,12.5,0.8,61,29.6,0
2020-02-28,R1,8,85+,F,4.2,-1.7,10.8,-6.6,45,25.6,0
2020-02-29,R1,4,85+,M,4.9,-1.6,10.0,-1.4,63,37.8,0
2020-03-01,R1,12,55-64,M,8.0,3.6,14.2,-11.3,24,26.1,0
2020-03-02,R1,13,85+,F,5.6,0.4,9.6,0.6,70,33.3,0
2020-03-03,R1,12,55-64,M,12.1,7.2,16.8,1.6,48,24.8,0
2020-03-04,R1,9,45-54,M,3.2,-1.7,8.6,-3.6,60,26.2,0
2020-03-05,R1,15,65-74,M,3.9,-1.7,9.1,-9.1,38,29.6,0
2020-03-06,R1,18,65-74,F,1.4,-4.9,7.6,-6.4,56,31.8,0
2020-03-07,R1,8,45-54,F,11.7,7.9,15.8,5.0,63,38.0,0
2020-03-08,R1,15,85+,M,0.7,-3.0,5.3,-8.0,52,34.0,0
2020-03-09,R1,5,45-54,M,3.7,-0.7,9.2,-1.0,71,32.2,0
2020-03-10,R1,5,55-64,F,6.2,2.6,11.7,-4.0,47,23.5,0
2020-03-11,R1,11,65-74,M,9.8,5.3,14.8,3.3,64,26.8,0
2020-03-12,R1,13,85+,M,9.5,5.5,12.1,7.0,84,42.6,0
2020-03-13,R1,11,65-74,F,4.5,-0.3,8.4,-0.8,68,32.4,0
2020-03-14,R1,7,55-64,M,4.9,-0.7,8.2,-1.7,62,27.8,0
2020-03-15,R1,15,85+,M,2.0,-3.6,7.3,-8.2,46,30.6,0
2020-03-16,R1,16,55-64,F,4.2,-0.7,7.5,-9.6,35,32.1,0
2020-03-17,R1,10,55-64,F,6.0,1.7,9.7,1.5,72,31.4,0
2020-03-18,R1,16,65-74,F,6.3,1.5,12.2,1.1,69,35.8,0
2020-03-19,R1,7,85+,M,7.5,1.0,12.1,-1.3,53,31.1,0
2020-03-20,R1,8,45-54,M,-1.8,-5.9,2.2,-9.3,56,35.0,0
2020-03-21,R1,15,55-64,M,8.2,4.2,12.3,2.8,68,28.3,0
2020-03-22,R1,9,65-74,F,4.4,0.7,7.9,-0.5,70,27.6,0
2020-03-23,R1,16,55-64,F,-1.8,-5.3,2.3,-4.5,81,30.7,0
2020-03-24,R1,7,85+,M,6.7,1.9,12.0,-0.0,62,33.1,0
2020-03-25,R1,14,55-64,F,8.0,1.8,12.0,-7.7,32,29.7,0
2020-03-26,R1,17,85+,F,3.9,-0.2,8.9,-4.2,55,24.0,0
2020-03-27,R1,15,85+,M,6.9,1.5,13.2,1.7,69,32.7,0
2020-03-28,R1,12,75-84,M,10.2,3.8,15.4,6.9,80,29.0,0
2020-03-29,R1,16,65-74,F,5.2,1.5,10.1,-2.2,58,37.9,0
2020-03-30,R1,18,55-64,F,1.8,-3.1,6.0,-10.0,41,31.4,0
2020-03-31,R1,11,45-54,F,8.0,1.9,14.0,0.8,60,24.5,0
2020-04-01,R1,12,85+,F,8.9,2.8,13.7,-3.6,41,27.0,0
2020-04-02,R1,9,55-64,F,3.1,-2.2,7.7,-3.1,63,29.9,0
2020-04-03,R1,16,65-74,F,1.6,-1.3,4.7,-5.3,60,28.6,0
2020-04-04,R1,6,85+,F,6.2,-0.3,10.1,-2.3,54,24.6,0
2020-04-05,R1,10,85+,F,10.6,5.9,17.5,3.3,60,37.0,0
2020-04-06,R1,8,65-74,M,14.6,8.8,18.9,10.2,74,26.4,0
2020-04-07,R1,9,45-54,F,6.0,0.9,11.3,0.2,66,18.4,0
2020-04-08,R1,12,65-74,F,5.0,-0.1,9.3,0.4,72,21.3,0
2020-04-09,R1,10,85+,M,6.0,2.0,11.7,-1.0,60,18.4,0
2020-04-10,R1,6,55-64,F,4.9,-0.1,10.1,0.7,74,22.2,0
2020-04-11,R1,7,65-74,F,9.0,4.4,11.5,-5.9,34,23.5,0
2020-04-12,R1,10,85+,M,4.4,-1.7,8.7,-6.0,47,29.9,0
2020-04-13,R1,10,75-84,M,4.9,-1.7,9.3,3.5,90,26.3,0
2020-04-14,R1,18,45-54,F,3.1,-2.3,8.7,-6.1,50,32.2,0
2020-04-15,R1,16,45-54,F,7.0,0.7,10.1,-1.4,55,22.8,0
2020-04-16,R1,20,55-64,M,11.1,6.3,16.5,2.8,56,27.4,0
2020-04-17,R1,10,85+,M,10.5,5.2,16.1,-1.7,42,26.5,0
2020-04-18,R1,13,45-54,F,9.2,3.9,13.8,3.0,65,12.2,0
2020-04-19,R1,12,45-54,F,7.0,1.5,10.9,-2.9,49,33.5,0
2020-04-20,R1,8,75-84,M,6.9,0.3,12.1,-4.2,44,26.0,0
2020-04-21,R1,14,75-84,M,5.5,0.2,11.1,-5.5,45,21.2,0
2020-04-22,R1,14,85+,F,7.2,1.7,10.7,0.7,63,30.0,0
2020-04-23,R1,12,45-54,F,10.4,3.6,16.7,2.5,58,27.9,0
2020-04-24,R1,7,55-64,M,8.5,3.5,12.7,-0.4,53,29.2,0
2020-04-25,R1,16,45-54,F,5.0,-0.8,10.3,-7.1,41,33.1,0
2020-04-26,R1,17,55-64,F,3.1,-2.0,7.8,-5.1,54,28.8,0
2020-04-27,R1,11,55-64,F,8.1,5.2,12.7,-9.7,27,25.8,0
2020-04-28,R1,17,45-54,F,7.8,3.3,12.8,3.6,74,22.7,0
2020-04-29,R1,12,65-74,F,9.3,3.6,14.4,-1.0,48,21.0,0
2020-04-30,R1,9,55-64,M,10.9,5.8,16.3,3.9,61,27.4,0
2020-05-01,R1,8,45-54,F,10.0,5.6,14.9,-1.7,43,27.3,0
2020-05-02,R1,25,45-54,M,3.3,-1.4,6.8,-7.1,46,26.0,0
2020-05-03,R1,15,65-74,M,6.3,0.9,11.4,-0.5,61,22.7,0
2020-05-04,R1,7,45-54,F,6.1,1.7,11.1,1.4,71,25.5,0
2020-05-05,R1,10,55-64,F,9.9,3.7,16.0,4.5,69,27.4,0
2020-05-06,R1,13,75-84,F,3.0,-1.2,9.3,-1.4,72,31.7,0
2020-05-07,R1,5,55-64,M,7.5,2.4,13.6,-1.1,54,25.9,0
2020-05-08,R1,17,55-64,M,5.1,0.3,9.9,-3.0,55,32.8,0
2020-05-09,R1,11,55-64,F,5.4,-1.0,10.2,2.1,79,24.1,0
2020-05-10,R1,5,85+,M,12.7,10.0,15.7,3.0,51,23.7,0
2020-05-11,R1,11,85+,F,10.7,4.7,15.9,6.3,74,24.8,0
2020-05-12,R1,10,65-74,F,7.8,1.3,10.3,-5.4,38,17.4,0
2020-05-13,R1,14,65-74,M,4.9,0.8,12.4,2.9,87,21.1,0
2020-05-14,R1,10,45-54,M,7.7,3.7,12.6,-6.5,35,19.2,0
2020-05-15,R1,18,45-54,M,4.2,-1.7,8.4,-0.9,69,22.7,0
2020-05-16,R1,7,65-74,M,10.1,5.2,16.6,5.9,75,21.4,0
2020-05-17,R1,7,45-54,M,4.7,0.6,11.2,-6.5,44,15.9,0
2020-05-18,R1,14,55-64,M,6.6,2.2,10.8,-4.0,46,33.7,0
2020-05-19,R1,4,65-74,F,8.1,3.8,10.4,-4.9,39,13.1,0
2020-05-20,R1,12,85+,F,11.0,6.5,16.5,5.4,68,19.2,0
2020-05-21,R1,9,75-84,M,2.1,-3.0,7.4,-7.8,48,21.9,0
2020-05-22,R1,10,85+,F,12.9,8.9,19.6,3.3,52,26.9,0
2020-05-23,R1,8,55-64,M,12.1,5.6,16.3,5.6,64,17.8,0
2020-05-24,R1,11,75-84,F,14.6,10.0,20.6,7.2,61,25.3,0
2020-05-25,R1,12,45-54,F,7.7,1.1,13.0,-0.4,56,27.1,0
2020-05-26,R1,10,85+,F,9.8,4.6,13.5,2.3,59,31.0,0
2020-05-27,R1,8,75-84,F,8.6,5.7,13.8,4.0,72,12.9,0
2020-05-28,R1,13,75-84,F,10.1,7.2,15.7,5.1,71,19.3,0
2020-05-29,R1,11,45-54,M,1.7,-2.9,5.5,-2.8,72,17.1,0
2020-05-30,R1,9,75-84,F,9.6,4.2,13.1,5.9,77,16.5,0
2020-05-31,R1,9,65-74,M,11.1,5.1,16.3,-3.4,36,19.5,0
2020-06-01,R1,16,65-74,F,13.1,7.9,18.6,11.2,87,22.3,0
2020-06-02,R1,10,65-74,F,8.3,2.9,13.7,-1.0,52,14.6,0
2020-06-03,R1,12,85+,M,10.1,4.5,13.8,3.8,65,29.1,0
2020-06-04,R1,8,55-64,M,9.8,5.0,14.4,5.3,73,10.7,0
2020-06-05,R1,12,45-54,F,7.8,1.4,14.0,3.5,74,11.7,0
2020-06-06,R1,9,85+,M,12.2,5.7,18.4,-12.2,16,17.5,0
2020-06-07,R1,8,85+,F,15.2,11.3,20.5,3.7,46,15.5,0
2020-06-08,R1,12,55-64,F,10.7,5.9,15.2,1.0,51,22.2,0
2020-06-09,R1,6,45-54,M,13.3,8.7,20.6,-1.3,36,24.8,0
2020-06-10,R1,9,65-74,M,14.9,9.0,20.0,6.4,56,17.3,0
2020-06-11,R1,8,75-84,F,9.4,3.6,15.3,4.1,69,21.9,0
2020-06-12,R1,12,45-54,M,7.4,2.1,12.3,-1.5,53,5.0,0
2020-06-13,R1,15,65-74,F,13.5,9.9,20.0,5.4,57,19.3,0
2020-06-14,R1,9,65-74,M,14.0,8.0,19.0,0.8,40,10.9,0
2020-06-15,R1,7,45-54,F,17.9,12.4,23.5,10.4,61,19.2,0
2020-06-16,R1,14,75-84,F,8.8,3.5,14.0,-0.8,50,17.2,0
2020-06-17,R1,9,65-74,F,9.8,4.5,13.7,4.7,70,11.3,0
2020-06-18,R1,9,45-54,M,14.3,9.5,19.8,-3.8,28,16.8,0
2020-06-19,R1,11,45-54,F,15.1,9.2,18.1,-0.4,34,17.9,0
2020-06-20,R1,10,65-74,F,7.8,4.1,10.1,-0.3,56,15.8,0
2020-06-21,R1,14,75-84,F,13.3,10.4,18.9,7.6,68,18.1,0
2020-06-22,R1,7,75-84,M,15.6,10.2,19.1,5.0,49,13.5,0
2020-06-23,R1,8,85+,F,16.6,11.7,21.2,9.3,62,12.1,0
2020-06-24,R1,15,75-84,F,10.8,5.7,16.6,-3.6,36,16.2,0
2020-06-25,R1,8,85+,M,10.1,6.4,15.2,6.0,75,5.0,0
2020-06-26,R1,7,55-64,M,16.3,12.0,21.2,1.1,35,5.0,0
2020-06-27,R1,8,45-54,M,10.7,7.1,15.5,0.4,49,17.5,0
2020-06-28,R1,10,65-74,M,14.8,8.7,21.1,0.9,38,13.9,0
2020-06-29,R1,9,65-74,F,9.8,4.5,14.1,4.3,68,15.5,0
2020-06-30,R1,10,45-54,F,18.6,14.8,22.7,11.2,62,15.1,0
2020-07-01,R1,11,85+,M,14.9,11.4,20.4,-5.6,23,18.2,0
2020-07-02,R1,12,75-84,F,19.2,14.4,23.5,9.2,52,21.2,0
2020-07-03,R1,10,45-54,F,11.2,5.8,14.4,6.1,71,15.3,0
2020-07-04,R1,10,45-54,M,21.4,15.2,25.7,14.2,63,14.6,1
2020-07-05,R1,10,65-74,M,11.7,7.7,16.2,8.1,78,11.2,0
2020-07-06,R1,13,55-64,F,17.6,13.1,25.0,1.5,33,15.3,0
2020-07-07,R1,10,55-64,M,9.6,4.3,16.5,0.5,53,15.4,0
2020-07-08,R1,8,85+,M,16.4,12.4,21.5,6.3,51,11.3,0
2020-07-09,R1,12,65-74,F,12.7,8.4,19.6,8.7,76,14.3,0
2020-07-10,R1,9,65-74,M,17.2,12.3,22.1,8.5,56,6.5,0
2020-07-11,R1,10,75-84,F,16.7,12.5,21.8,7.3,54,21.0,0
2020-07-12,R1,7,85+,M,20.7,15.1,27.4,19.7,94,8.3,0
2020-07-13,R1,11,65-74,M,14.8,7.0,19.3,7.4,61,6.8,0
2020-07-14,R1,11,65-74,F,14.4,7.9,20.2,7.0,61,5.0,0
2020-07-15,R1,10,65-74,M,21.2,17.8,26.5,16.7,75,5.0,0
2020-07-16,R1,13,85+,M,12.5,7.8,17.2,4.4,57,10.1,0
2020-07-17,R1,8,85+,F,17.3,12.7,22.4,0.1,31,15.2,0
2020-07-18,R1,15,55-64,F,18.9,14.3,24.6,14.1,73,15.1,0
2020-07-19,R1,6,65-74,M,19.2,14.5,25.7,7.4,46,9.7,0
2020-07-20,R1,11,45-54,M,20.7,16.3,25.9,11.5,55,15.8,0
2020-07-21,R1,15,55-64,M,22.0,16.6,25.6,16.2,69,6.9,0
2020-07-22,R1,10,85+,F,19.7,13.8,24.2,9.2,50,6.3,0
2020-07-23,R1,12,65-74,F,24.6,18.2,28.0,19.0,70,19.3,0
2020-07-24,R1,7,75-84,F,19.9,16.5,25.5,15.4,75,8.1,0
2020-07-25,R1,5,65-74,F,17.7,14.3,23.2,8.1,53,6.6,0
2020-07-26,R1,11,75-84,M,20.1,15.5,25.5,8.8,48,14.4,0
2020-07-27,R1,13,55-64,M,16.2,11.8,20.2,11.4,72,15.4,0
2020-07-28,R1,8,65-74,F,24.8,19.8,28.6,13.6,49,7.6,0
2020-07-29,R1,11,55-64,M,13.5,8.9,16.7,2.9,48,7.0,0
2020-07-30,R1,17,45-54,M,21.0,17.7,25.3,13.7,63,6.3,0
2020-07-31,R1,3,45-54,F,18.6,13.5,23.0,9.6,55,10.2,0
2020-08-01,R1,5,65-74,M,20.3,15.7,26.1,11.3,56,9.7,0
2020-08-02,R1,6,55-64,F,22.1,17.0,26.6,14.1,60,9.9,0
2020-08-03,R1,11,65-74,F,21.5,15.5,26.6,14.9,65,12.6,0
2020-08-04,R1,11,65-74,M,16.7,10.6,21.6,4.2,43,17.0,0
2020-08-05,R1,20,75-84,F,21.6,16.6,25.9,15.6,68,13.3,0
2020-08-06,R1,7,85+,M,21.0,17.3,24.5,15.0,68,5.0,0
2020-08-07,R1,8,65-74,F,20.2,15.0,25.9,10.3,53,15.8,0
2020-08-08,R1,6,45-54,F,23.5,16.5,27.7,8.8,39,5.8,0
2020-08-09,R1,7,65-74,F,22.7,17.1,27.2,5.5,32,7.7,0
2020-08-10,R1,7,55-64,M,23.3,18.5,28.0,8.6,38,5.0,0
2020-08-11,R1,16,55-64,M,22.0,19.2,26.1,15.4,66,12.5,0
2020-08-12,R1,10,65-74,F,20.6,16.2,26.1,13.3,62,13.7,0
2020-08-13,R1,6,65-74,F,24.5,18.6,28.7,7.1,32,18.2,0
2020-08-14,R1,8,55-64,M,24.6,19.8,29.0,21.1,81,5.2,0
2020-08-15,R1,9,45-54,F,23.8,17.9,29.0,17.4,67,9.1,0
2020-08-16,R1,10,45-54,F,20.9,15.5,27.0,13.2,61,22.0,0
2020-08-17,R1,8,65-74,F,20.4,16.1,24.5,15.6,74,8.5,0
2020-08-18,R1,12,45-54,F,20.2,16.2,25.4,14.3,69,11.9,0
2020-08-19,R1,17,85+,M,21.2,17.2,27.5,15.4,69,13.2,0
2020-08-20,R1,12,85+,M,20.4,16.4,25.1,6.9,41,11.8,0
2020-08-21,R1,6,75-84,F,24.8,20.2,31.9,17.4,63,5.0,0
2020-08-22,R1,14,65-74,M,29.1,23.6,34.9,16.4,46,5.1,0
2020-08-23,R1,12,65-74,F,21.9,16.1,27.9,18.2,79,19.0,0
2020-08-24,R1,9,75-84,F,29.9,24.6,35.4,16.2,43,5.0,0
2020-08-25,R1,13,45-54,F,23.3,18.4,27.4,13.9,55,16.2,0
2020-08-26,R1,11,85+,F,25.0,20.6,28.4,13.5,48,9.8,0
2020-08-27,R1,11,75-84,F,26.7,22.9,32.0,19.2,63,15.4,0
2020-08-28,R1,2,75-84,F,25.1,19.3,30.7,15.9,56,5.0,0
2020-08-29,R1,11,45-54,M,25.7,19.7,30.8,-2.9,15,5.0,0
2020-08-30,R1,6,45-54,M,25.2,19.0,31.4,15.1,53,15.8,0
2020-08-31,R1,7,85+,F,22.6,17.2,27.1,20.7,89,10.1,0
2020-09-01,R1,10,75-84,M,24.8,18.5,29.9,18.4,67,11.8,0
2020-09-02,R1,7,85+,M,23.3,17.8,29.5,19.0,77,10.1,0
2020-09-03,R1,5,65-74,M,28.6,23.4,34.6,16.0,46,5.0,0
2020-09-04,R1,7,85+,M,23.6,20.7,28.5,18.3,72,5.2,0
2020-09-05,R1,7,55-64,F,26.5,20.9,32.1,18.0,59,11.0,0
2020-09-06,R1,7,65-74,M,25.3,19.1,31.9,22.3,83,5.1,0
2020-09-07,R1,13,45-54,M,23.7,18.8,30.3,14.0,54,5.0,0
2020-09-08,R1,19,85+,F,24.2,19.5,30.0,8.6,37,7.5,0
2020-09-09,R1,12,45-54,M,26.5,20.4,31.5,7.8,30,13.7,0
2020-09-10,R1,13,55-64,F,21.1,16.5,25.9,10.4,50,13.1,0
2020-09-11,R1,12,85+,F,22.5,18.4,25.9,15.5,64,8.4,0
2020-09-12,R1,9,85+,F,29.4,26.1,32.9,24.9,76,17.0,0
2020-09-13,R1,9,75-84,M,17.7,14.6,22.4,14.8,83,8.1,0
2020-09-14,R1,11,85+,F,21.9,17.9,27.1,17.2,74,9.7,0
2020-09-15,R1,15,75-84,F,27.0,21.2,34.6,17.0,54,8.1,0
2020-09-16,R1,10,85+,M,23.6,18.1,27.8,13.7,53,10.8,0
2020-09-17,R1,7,85+,F,19.1,15.4,22.8,10.6,57,5.0,0
2020-09-18,R1,13,85+,F,28.8,23.2,33.9,18.3,53,8.3,0
2020-09-19,R1,6,45-54,F,25.5,19.8,30.3,23.3,87,6.1,0
2020-09-20,R1,10,85+,M,25.6,20.6,31.4,14.2,49,14.4,0
2020-09-21,R1,11,55-64,M,24.6,21.8,29.0,20.6,78,13.4,0
2020-09-22,R1,3,55-64,M,28.6,22.7,35.1,21.5,65,15.3,0
2020-09-23,R1,12,65-74,F,25.6,19.8,30.7,14.8,51,10.8,0
2020-09-24,R1,10,75-84,M,24.3,17.6,29.1,7.0,32,20.3,0
2020-09-25,R1,10,85+,M,28.4,22.9,33.7,20.5,62,10.1,0
2020-09-26,R1,7,85+,F,20.1,14.5,25.8,13.9,67,13.0,0
2020-09-27,R1,14,45-54,M,24.7,20.1,27.6,17.9,65,9.2,0
2020-09-28,R1,9,55-64,M,29.4,24.2,34.3,22.3,65,7.1,0
2020-09-29,R1,14,55-64,M,22.0,16.1,26.9,15.2,65,13.5,0
2020-09-30,R1,17,45-54,M,22.5,15.3,28.0,16.9,70,5.0,0
2020-10-01,R1,8,85+,M,19.2,13.2,23.7,15.9,81,11.0,0
2020-10-02,R1,10,55-64,F,22.0,17.2,27.8,7.8,40,5.0,0
2020-10-03,R1,10,75-84,F,19.4,15.1,24.4,14.6,73,7.7,0
2020-10-04,R1,13,65-74,M,22.0,17.0,27.0,17.8,77,17.7,0
2020-10-05,R1,11,65-74,M,19.2,12.9,23.4,11.2,59,8.9,0
2020-10-06,R1,7,85+,F,26.2,22.2,30.5,16.4,54,5.0,0
2020-10-07,R1,11,65-74,M,24.0,19.1,28.4,18.3,70,19.2,0
2020-10-08,R1,14,65-74,M,25.9,19.4,31.4,8.6,33,14.4,0
2020-10-09,R1,13,85+,M,22.7,19.2,27.9,5.9,33,11.0,0
2020-10-10,R1,13,45-54,M,25.2,19.8,29.3,20.0,72,6.7,0
2020-10-11,R1,17,55-64,M,25.2,19.2,29.1,17.6,62,18.9,0
2020-10-12,R1,7,75-84,M,26.6,22.5,29.8,21.9,75,18.3,0
2020-10-13,R1,11,75-84,F,26.9,21.5,31.5,10.4,35,13.2,0
2020-10-14,R1,11,85+,F,25.6,19.8,31.5,14.3,49,5.0,0
2020-10-15,R1,13,55-64,F,22.5,19.3,29.2,17.2,72,16.7,0
2020-10-16,R1,10,55-64,M,24.0,19.4,31.6,17.8,68,10.7,0
2020-10-17,R1,13,75-84,M,22.4,16.9,28.5,15.7,65,13.6,0
2020-10-18,R1,5,55-64,M,23.6,17.6,29.5,11.0,45,9.0,0
2020-10-19,R1,11,45-54,M,23.2,18.6,27.7,15.0,60,10.7,0
2020-10-20,R1,12,75-84,M,26.8,23.3,32.1,20.9,70,8.4,0
2020-10-21,R1,11,65-74,M,31.7,27.6,37.6,26.6,74,8.7,0
2020-10-22,R1,18,65-74,M,24.8,18.6,29.9,15.8,57,19.3,0
2020-10-23,R1,7,55-64,M,20.9,16.5,25.3,15.6,71,18.8,0
2020-10-24,R1,9,55-64,F,21.3,17.8,26.9,9.9,48,29.4,0
2020-10-25,R1,10,75-84,M,17.2,13.5,21.6,5.9,47,16.2,0
2020-10-26,R1,11,45-54,M,23.5,19.2,27.9,9.8,41,19.2,0
2020-10-27,R1,17,55-64,M,22.0,18.4,28.1,11.7,51,12.4,0
2020-10-28,R1,8,45-54,F,20.0,14.5,24.5,18.0,88,14.6,0
2020-10-29,R1,13,85+,M,28.3,21.4,32.3,23.1,73,11.2,0
2020-10-30,R1,6,85+,F,21.4,15.5,27.2,14.4,64,8.2,0
2020-10-31,R1,10,75-84,F,21.1,18.8,24.3,17.8,81,13.1,0
2020-11-01,R1,8,45-54,M,25.5,20.8,28.0,5.7,28,10.1,0
2020-11-02,R1,14,65-74,F,27.4,23.1,34.4,18.8,59,20.5,0
2020-11-03,R1,12,65-74,M,20.7,15.8,25.1,19.8,94,15.1,0
2020-11-04,R1,10,55-64,F,19.0,14.4,24.2,16.2,83,16.8,0
2020-11-05,R1,10,45-54,F,22.7,15.3,27.2,11.3,48,9.8,0
2020-11-06,R1,12,75-84,M,26.5,20.8,33.5,10.5,36,14.7,0
2020-11-07,R1,11,85+,F,21.8,16.1,29.2,12.3,54,14.0,0
2020-11-08,R1,12,75-84,F,22.0,17.0,27.8,7.6,39,12.1,0
2020-11-09,R1,10,85+,M,20.9,15.7,25.6,14.6,67,19.1,0
2020-11-10,R1,15,45-54,M,19.5,15.4,24.4,9.7,53,10.9,0
2020-11-11,R1,9,45-54,F,21.2,15.1,26.4,20.4,95,17.6,0
2020-11-12,R1,7,45-54,F,23.4,16.3,27.5,18.2,72,18.0,0
2020-11-13,R1,19,45-54,M,16.8,13.0,22.8,7.1,53,11.6,0
2020-11-14,R1,9,65-74,M,24.7,18.5,29.1,19.8,74,13.4,0
2020-11-15,R1,6,45-54,M,21.8,16.1,26.9,7.8,40,13.4,0
2020-11-16,R1,16,65-74,M,19.1,15.3,24.4,11.8,62,21.1,0
2020-11-17,R1,9,85+,M,23.4,19.1,28.5,12.6,50,15.1,0
2020-11-18,R1,9,85+,M,22.9,15.9,27.7,22.1,95,16.8,0
2020-11-19,R1,7,85+,F,23.7,18.8,30.4,16.3,63,19.5,0
2020-11-20,R1,8,65-74,M,19.2,15.0,26.9,10.2,56,11.0,0
2020-11-21,R1,11,45-54,M,18.9,13.6,23.1,8.5,50,13.9,0
2020-11-22,R1,12,55-64,M,18.6,13.0,24.3,4.5,39,13.7,0
2020-11-23,R1,9,65-74,M,24.1,19.4,30.2,17.4,66,17.1,0
2020-11-24,R1,9,45-54,M,18.8,13.8,23.7,13.3,70,13.8,0
2020-11-25,R1,11,85+,M,23.9,16.7,29.9,20.6,81,19.6,0
2020-11-26,R1,11,55-64,M,18.4,14.3,23.3,12.6,69,12.0,0
2020-11-27,R1,13,65-74,M,22.6,18.1,28.2,18.3,76,23.2,0
2020-11-28,R1,9,45-54,F,17.3,12.0,22.6,11.2,67,21.3,0
2020-11-29,R1,10,85+,F,24.6,20.5,29.3,16.8,61,14.4,0
2020-11-30,R1,11,65-74,F,13.8,9.9,19.8,-4.3,28,16.2,0
2020-12-01,R1,9,45-54,M,17.7,11.4,22.0,13.3,75,13.4,0
2020-12-02,R1,7,85+,F,18.6,13.3,23.1,12.6,68,17.4,0
2020-12-03,R1,11,45-54,M,17.8,12.6,23.3,16.3,90,25.2,0
2020-12-04,R1,17,85+,M,15.9,11.4,20.4,10.4,69,19.8,0
2020-12-05,R1,10,65-74,F,14.0,9.3,19.1,8.9,71,25.4,0
2020-12-06,R1,11,45-54,F,20.1,16.2,23.5,10.7,54,24.9,0
2020-12-07,R1,13,65-74,M,10.3,6.0,14.8,-1.2,44,22.0,0
2020-12-08,R1,14,45-54,F,15.5,10.0,19.2,7.9,60,20.0,0
2020-12-09,R1,17,45-54,F,13.5,10.0,17.9,5.9,59,18.5,0
2020-12-10,R1,14,75-84,F,18.9,12.1,23.3,10.7,58,23.8,0
2020-12-11,R1,10,75-84,F,16.3,12.3,19.5,5.3,48,16.6,0
2020-12-12,R1,10,55-64,M,16.9,13.7,21.4,10.5,65,26.2,0
2020-12-13,R1,9,75-84,F,10.9,7.9,16.0,2.1,54,16.7,0
2020-12-14,R1,11,45-54,F,17.7,11.5,22.7,9.4,58,27.7,0
2020-12-15,R1,16,55-64,F,18.3,12.8,25.2,13.1,71,14.5,0
2020-12-16,R1,6,75-84,F,13.1,7.6,17.5,5.9,61,21.3,0
2020-12-17,R1,3,85+,M,17.0,12.4,23.1,7.9,55,20.8,0
2020-12-18,R1,8,75-84,F,11.9,6.2,18.8,6.8,70,30.4,0
2020-12-19,R1,15,75-84,M,15.8,10.0,20.9,1.8,38,16.6,0
2020-12-20,R1,11,45-54,M,14.8,8.9,20.8,11.3,79,27.7,0
2020-12-21,R1,10,85+,F,15.4,9.8,20.2,12.0,79,26.7,0
2020-12-22,R1,19,65-74,M,15.4,10.0,20.9,3.3,44,26.3,0
2020-12-23,R1,7,75-84,M,17.1,12.2,22.1,11.6,69,20.2,0
2020-12-24,R1,12,45-54,F,12.8,6.3,18.2,-0.4,40,16.3,0
2020-12-25,R1,12,55-64,M,19.4,14.0,24.8,5.4,39,28.9,1
2020-12-26,R1,7,75-84,M,11.7,5.7,15.0,7.2,73,23.1,0
2020-12-27,R1,6,75-84,M,15.4,11.7,20.3,12.1,80,32.9,0
2020-12-28,R1,8,55-64,F,14.8,10.4,17.9,8.3,65,25.6,0
2020-12-29,R1,9,85+,F,20.9,15.8,25.8,14.0,64,34.9,0
2020-12-30,R1,14,85+,M,12.9,8.0,19.3,10.8,87,27.2,0
2020-12-31,R1,13,55-64,F,12.7,9.5,19.1,8.3,74,37.2,0
2021-01-01,R1,5,85+,M,16.8,13.5,23.3,11.7,71,24.9,1
2021-01-02,R1,26,55-64,F,16.8,10.6,21.1,10.2,65,23.9,0
2021-01-03,R1,8,75-84,M,18.2,13.1,24.6,11.2,63,29.6,0
2021-01-04,R1,9,55-64,M,14.8,10.0,18.2,7.2,60,20.0,0
2021-01-05,R1,11,55-64,M,15.3,9.7,18.4,1.6,39,35.5,0
2021-01-06,R1,14,75-84,F,15.2,10.1,19.8,3.1,44,27.1,0
2021-01-07,R1,17,65-74,F,17.4,11.7,22.3,0.1,30,19.3,0
2021-01-08,R1,8,75-84,F,12.7,8.8,16.5,4.9,59,21.6,0
2021-01-09,R1,9,65-74,F,12.3,7.5,17.9,4.3,57,24.8,0
2021-01-10,R1,12,45-54,M,13.1,8.9,17.2,8.1,71,28.6,0
2021-01-11,R1,11,55-64,M,14.8,8.9,20.7,6.7,58,33.4,0
2021-01-12,R1,12,65-74,F,13.3,9.0,19.0,12.5,95,24.7,0
2021-01-13,R1,11,75-84,F,17.0,12.7,21.5,1.9,36,23.0,0
2021-01-14,R1,15,85+,M,11.1,7.8,17.0,0.8,49,33.4,0
2021-01-15,R1,8,75-84,F,14.3,9.5,18.8,5.9,57,20.6,0
2021-01-16,R1,13,55-64,M,14.1,8.8,19.7,6.3,59,33.0,0
2021-01-17,R1,17,45-54,M,14.0,9.4,17.6,7.8,66,30.0,0
2021-01-18,R1,6,85+,M,12.9,8.0,16.0,6.6,65,18.1,0
2021-01-19,R1,15,85+,M,7.7,3.1,12.8,5.7,86,25.0,0
2021-01-20,R1,14,65-74,M,10.7,7.4,14.7,6.0,72,27.3,0
2021-01-21,R1,8,85+,M,12.0,6.0,14.3,1.1,47,28.5,0
2021-01-22,R1,12,65-74,F,10.0,5.5,14.7,6.2,77,24.1,0
2021-01-23,R1,11,45-54,M,9.8,3.9,16.1,2.2,59,26.9,0
2021-01-24,R1,7,55-64,F,11.3,6.1,15.2,-0.1,45,38.7,0
2021-01-25,R1,12,75-84,F,11.3,5.7,16.1,2.6,55,27.3,0
2021-01-26,R1,5,75-84,M,15.8,10.8,18.5,7.7,58,41.9,0
2021-01-27,R1,17,75-84,M,7.9,4.3,12.6,0.9,61,19.0,0
2021-01-28,R1,7,45-54,F,11.2,7.4,16.9,-1.2,42,36.6,0
2021-01-29,R1,12,55-64,M,11.5,6.5,15.5,2.2,52,22.4,0
2021-01-30,R1,5,75-84,M,6.3,1.0,10.0,0.1,64,26.1,0
2021-01-31,R1,12,65-74,M,7.3,2.2,11.3,-1.5,53,27.4,0
2021-02-01,R1,7,65-74,F,2.4,-1.6,8.0,-11.2,36,21.9,0
2021-02-02,R1,15,45-54,M,4.7,-0.1,8.1,4.0,95,20.9,0
2021-02-03,R1,7,75-84,M,13.2,5.8,17.7,-0.1,40,17.7,0
2021-02-04,R1,9,55-64,F,9.6,4.3,15.0,1.1,55,23.5,0
2021-02-05,R1,13,65-74,F,11.2,7.6,14.8,0.8,48,23.8,0
2021-02-06,R1,6,55-64,F,12.3,6.8,17.4,9.4,82,29.7,0
2021-02-07,R1,10,65-74,F,10.7,4.5,15.6,7.3,79,19.4,0
2021-02-08,R1,12,45-54,F,7.2,2.2,10.2,-2.9,48,34.2,0
2021-02-09,R1,14,65-74,F,12.3,6.8,16.9,3.9,56,25.3,0
2021-02-10,R1,9,85+,F,5.1,1.7,10.3,-1.3,63,37.9,0
2021-02-11,R1,13,65-74,F,7.3,1.6,13.1,1.1,64,28.2,0
2021-02-12,R1,19,65-74,F,6.1,2.2,11.5,2.5,77,25.0,0
2021-02-13,R1,8,65-74,F,5.8,0.2,10.1,1.7,75,28.3,0
2021-02-14,R1,12,65-74,M,10.4,5.1,17.6,7.3,81,28.1,0
2021-02-15,R1,12,65-74,F,11.1,5.7,16.3,5.9,70,38.3,0
2021-02-16,R1,17,85+,F,10.4,5.7,15.4,3.6,62,31.5,0
2021-02-17,R1,9,65-74,F,4.5,0.1,10.1,-3.2,57,30.7,0
2021-02-18,R1,12,45-54,M,9.0,4.8,14.2,8.0,92,29.7,0
2021-02-19,R1,13,75-84,M,6.7,1.7,10.2,-4.3,45,29.1,0
2021-02-20,R1,10,75-84,M,7.2,1.3,12.1,1.3,65,27.1,0
2021-02-21,R1,5,65-74,F,5.8,-0.1,11.5,0.5,68,29.4,0
2021-02-22,R1,10,45-54,F,4.9,-0.2,10.4,-5.3,47,29.5,0
2021-02-23,R1,10,55-64,F,6.3,1.4,12.7,-5.8,41,25.8,0
2021-02-24,R1,8,45-54,F,5.1,-1.0,11.0,-1.8,61,28.1,0
2021-02-25,R1,13,45-54,M,1.4,-3.2,7.2,0.6,94,30.3,0
2021-02-26,R1,19,85+,M,1.2,-4.4,7.0,-4.4,66,28.9,0
2021-02-27,R1,13,45-54,F,11.9,7.3,17.7,-8.2,23,36.4,0
2021-02-28,R1,6,45-54,M,8.0,3.6,13.5,-2.4,47,26.9,0
2021-03-01,R1,9,65-74,M,4.0,-0.4,9.7,-6.9,45,31.8,0
2021-03-02,R1,16,75-84,F,3.2,-2.8,7.4,-2.7,65,29.6,0
2021-03-03,R1,12,85+,F,7.0,2.1,15.4,0.7,64,28.1,0
2021-03-04,R1,10,75-84,F,11.9,7.1,15.2,2.9,54,37.3,0
2021-03-05,R1,22,65-74,M,4.2,-1.1,10.6,0.3,75,32.3,0
2021-03-06,R1,11,75-84,F,1.8,-3.0,7.1,-9.5,42,24.9,0
2021-03-07,R1,10,85+,M,7.6,2.5,11.8,-3.9,43,27.4,0
2021-03-08,R1,19,75-84,M,3.3,-2.9,8.4,-9.4,38,41.7,0
2021-03-09,R1,17,55-64,M,4.5,0.3,11.7,0.5,75,34.0,0
2021-03-10,R1,14,55-64,F,0.7,-2.3,6.0,-9.2,47,20.0,0
2021-03-11,R1,17,75-84,F,4.5,-0.5,9.8,-0.9,68,29.2,0
2021-03-12,R1,5,85+,F,10.3,4.8,18.6,-2.0,42,26.4,0
2021-03-13,R1,6,65-74,F,9.1,3.5,14.3,2.5,63,29.4,0
2021-03-14,R1,12,65-74,F,2.0,-2.1,6.0,-7.7,48,30.9,0
2021-03-15,R1,21,55-64,F,3.4,-3.0,8.2,-5.1,53,32.2,0
2021-03-16,R1,16,85+,F,0.1,-6.1,6.6,-8.0,54,31.2,0
2021-03-17,R1,13,85+,M,7.8,3.5,12.4,-2.5,48,31.4,0
2021-03-18,R1,13,55-64,M,2.0,-3.4,8.8,-3.8,65,27.7,0
2021-03-19,R1,16,65-74,M,2.3,-4.1,4.8,-2.2,71,27.3,0
2021-03-20,R1,8,65-74,M,3.1,-1.8,8.5,-5.5,53,21.7,0
2021-03-21,R1,11,65-74,M,6.5,1.7,10.8,4.2,85,28.5,0
2021-03-22,R1,16,75-84,M,3.3,-1.7,8.3,-2.9,63,39.9,0
2021-03-23,R1,9,55-64,M,5.2,0.1,10.4,-2.1,59,29.1,0
2021-03-24,R1,10,45-54,M,14.1,9.8,19.2,-0.2,37,29.9,0
2021-03-25,R1,11,65-74,M,1.5,-5.1,7.5,-3.7,68,25.0,0
2021-03-26,R1,15,55-64,F,4.3,1.3,10.4,-3.1,58,26.8,0
2021-03-27,R1,11,75-84,M,1.6,-3.5,5.1,-9.2,44,25.4,0
2021-03-28,R1,8,85+,F,10.9,5.5,16.2,2.0,54,26.1,0
2021-03-29,R1,10,55-64,F,4.5,-0.4,10.2,-9.1,36,26.0,0
2021-03-30,R1,11,55-64,F,-1.6,-5.1,3.3,-10.0,52,22.3,0
2021-03-31,R1,8,55-64,F,2.9,-2.8,7.5,-5.1,55,31.9,0
2021-04-01,R1,12,65-74,M,8.9,4.9,12.9,-3.2,42,30.0,0
2021-04-02,R1,11,55-64,F,1.2,-3.7,5.8,-8.2,49,36.4,0
2021-04-03,R1,9,75-84,M,5.8,0.8,9.1,2.8,81,27.9,0
2021-04-04,R1,12,65-74,F,2.4,-3.8,7.8,-3.4,65,35.2,0
2021-04-05,R1,13,75-84,F,3.0,-1.0,8.7,-3.5,62,21.4,0
2021-04-06,R1,12,45-54,M,0.1,-5.4,5.5,-1.5,88,32.5,0
2021-04-07,R1,11,65-74,F,-1.4,-6.3,2.6,-7.8,61,22.8,0
2021-04-08,R1,9,85+,M,4.4,0.7,9.8,-0.8,68,40.4,0
2021-04-09,R1,9,45-54,F,5.0,-1.1,9.4,0.9,74,30.7,0
2021-04-10,R1,9,65-74,M,2.7,-2.6,7.0,0.8,86,32.3,0
2021-04-11,R1,10,55-64,M,2.1,-3.4,6.8,0.0,86,23.2,0
2021-04-12,R1,18,75-84,M,1.1,-3.4,4.0,-5.0,63,25.1,0
2021-04-13,R1,10,75-84,M,7.7,3.4,14.3,2.8,71,22.5,0
2021-04-14,R1,8,75-84,F,4.8,-1.4,9.1,-2.0,61,32.2,0
2021-04-15,R1,10,45-54,M,7.7,3.8,13.1,-0.0,57,27.7,0
2021-04-16,R1,9,85+,M,6.0,1.7,12.4,1.6,73,28.6,0
2021-04-17,R1,9,45-54,M,6.6,2.5,11.9,-5.0,43,30.5,0
2021-04-18,R1,7,65-74,F,2.6,-2.9,7.7,-18.4,19,33.1,0
2021-04-19,R1,12,65-74,F,3.6,-0.7,8.9,1.6,86,34.9,0
2021-04-20,R1,9,45-54,F,1.9,-3.8,6.2,-4.0,64,25.5,0
2021-04-21,R1,11,75-84,F,6.3,0.6,11.7,-1.3,58,34.8,0
2021-04-22,R1,17,65-74,F,7.1,1.1,12.5,-3.6,46,14.2,0
2021-04-23,R1,12,65-74,F,8.3,3.1,14.6,-0.1,55,28.6,0
2021-04-24,R1,15,45-54,M,4.6,-1.3,11.1,-1.8,63,24.7,0
2021-04-25,R1,11,65-74,F,8.6,4.0,13.9,4.9,77,35.5,0
2021-04-26,R1,16,75-84,M,7.8,2.9,12.9,-3.7,44,32.4,0
2021-04-27,R1,17,75-84,M,12.1,7.6,16.5,2.5,51,34.0,0
2021-04-28,R1,16,45-54,M,8.0,4.1,13.0,0.9,61,29.8,0
2021-04-29,R1,8,85+,M,8.7,4.4,12.7,-6.5,33,17.6,0
2021-04-30,R1,13,75-84,F,2.8,1.0,6.8,-5.9,52,22.3,0
2021-05-01,R1,8,45-54,F,4.0,-0.9,8.2,-2.5,62,24.0,0
2021-05-02,R1,10,75-84,M,5.2,0.1,10.2,-5.2,46,25.4,0
2021-05-03,R1,11,55-64,F,5.6,0.0,9.9,4.9,95,29.3,0
2021-05-04,R1,10,85+,F,6.5,1.9,12.0,-0.2,62,26.1,0
2021-05-05,R1,12,45-54,M,4.1,0.2,10.7,-2.7,61,21.4,0
2021-05-06,R1,11,55-64,F,10.3,5.0,15.6,0.0,48,23.8,0
2021-05-07,R1,13,65-74,M,10.3,5.3,16.1,1.1,52,15.2,0
2021-05-08,R1,12,75-84,F,8.5,3.8,12.7,2.9,68,26.2,0
2021-05-09,R1,6,65-74,M,5.6,-1.1,11.4,-2.9,54,25.4,0
2021-05-10,R1,8,45-54,M,7.3,2.6,12.5,3.5,76,22.2,0
2021-05-11,R1,12,55-64,M,7.1,2.4,14.3,-11.0,26,21.7,0
2021-05-12,R1,14,85+,F,6.8,1.9,11.7,-0.7,58,22.5,0
2021-05-13,R1,15,65-74,M,4.6,1.4,10.5,-1.7,63,25.8,0
2021-05-14,R1,8,85+,M,8.4,2.5,12.4,-1.0,51,24.0,0
2021-05-15,R1,7,45-54,F,11.6,6.3,15.6,7.5,75,15.5,0
2021-05-16,R1,10,85+,F,10.1,5.3,15.8,-0.7,47,16.3,0
2021-05-17,R1,14,65-74,M,9.2,4.1,12.6,-3.7,40,22.7,0
2021-05-18,R1,16,45-54,F,-0.9,-6.7,4.0,-4.5,77,18.1,0
2021-05-19,R1,11,75-84,M,7.2,2.6,12.2,1.7,68,22.2,0
2021-05-20,R1,8,75-84,F,14.6,10.2,19.0,6.7,59,22.5,0
2021-05-21,R1,5,55-64,F,9.3,6.7,16.2,1.4,57,24.9,0
2021-05-22,R1,11,85+,F,13.3,8.9,19.1,3.2,50,19.5,0
2021-05-23,R1,9,45-54,M,9.6,5.6,13.1,-2.4,42,21.4,0
2021-05-24,R1,12,85+,F,7.0,2.0,11.7,-1.0,56,31.6,0
2021-05-25,R1,8,75-84,M,4.9,0.6,9.4,-3.0,56,13.3,0
2021-05-26,R1,11,65-74,M,6.9,1.8,11.0,-1.6,55,31.9,0
2021-05-27,R1,14,55-64,M,6.5,1.9,12.4,1.1,68,23.6,0
2021-05-28,R1,11,85+,F,7.9,3.2,13.3,-0.7,54,21.9,0
2021-05-29,R1,10,85+,F,11.6,8.1,15.5,0.8,47,16.3,0
2021-05-30,R1,11,55-64,F,11.0,6.4,13.9,3.8,61,20.6,0
2021-05-31,R1,12,45-54,M,12.6,8.5,17.1,4.7,58,16.4,0
2021-06-01,R1,7,45-54,M,14.0,8.9,17.2,6.1,59,21.5,0
2021-06-02,R1,11,85+,M,11.1,7.4,14.7,7.2,76,25.9,0
2021-06-03,R1,4,85+,F,15.9,10.3,20.5,5.4,49,21.0,0
2021-06-04,R1,10,85+,F,11.9,7.5,16.7,1.4,48,18.8,0
2021-06-05,R1,7,65-74,F,10.9,5.1,17.0,0.2,47,19.0,0
2021-06-06,R1,9,65-74,M,11.4,8.5,17.0,0.3,46,15.9,0
2021-06-07,R1,12,85+,M,10.1,6.2,14.7,3.8,65,18.2,0
2021-06-08,R1,13,75-84,M,11.9,6.3,18.0,1.6,49,21.8,0
2021-06-09,R1,13,55-64,M,7.3,1.9,12.7,1.0,64,16.2,0
2021-06-10,R1,12,85+,M,10.1,5.8,15.5,6.1,76,16.8,0
2021-06-11,R1,8,75-84,M,11.2,6.5,15.5,5.1,66,19.5,0
2021-06-12,R1,12,55-64,F,7.9,1.2,13.2,-0.9,53,13.5,0
2021-06-13,R1,15,75-84,M,10.0,3.9,14.5,-1.6,44,15.9,0
2021-06-14,R1,9,55-64,M,14.9,11.8,21.1,10.0,72,24.1,0
2021-06-15,R1,13,85+,M,14.8,10.5,18.1,2.3,43,17.7,0
2021-06-16,R1,4,75-84,F,6.4,0.0,12.3,-4.9,44,17.5,0
2021-06-17,R1,10,65-74,F,16.2,12.0,21.3,8.4,59,16.0,0
2021-06-18,R1,13,65-74,F,10.0,4.2,14.0,1.8,56,15.7,0
2021-06-19,R1,9,75-84,M,11.3,5.0,15.8,3.6,59,26.6,0
2021-06-20,R1,3,55-64,M,14.7,9.6,20.6,4.3,49,11.9,0
2021-06-21,R1,11,55-64,M,10.7,6.4,14.3,9.2,90,18.2,0
2021-06-22,R1,6,85+,M,15.3,10.6,21.4,14.5,94,11.8,0
2021-06-23,R1,16,85+,F,17.1,12.2,22.1,5.9,47,20.8,0
2021-06-24,R1,12,75-84,M,13.6,8.8,18.6,8.6,71,24.5,0
2021-06-25,R1,8,45-54,F,12.2,6.5,17.4,-1.5,38,14.4,0
2021-06-26,R1,10,65-74,F,15.9,9.6,21.2,8.5,61,11.2,0
2021-06-27,R1,13,75-84,F,17.9,14.6,23.0,15.1,83,11.9,0
2021-06-28,R1,15,75-84,M,15.4,11.3,19.7,-1.4,31,10.1,0
2021-06-29,R1,12,85+,M,14.7,10.2,18.8,13.3,90,14.5,0
2021-06-30,R1,9,85+,M,13.2,8.8,18.1,5.4,59,30.3,0
2021-07-01,R1,10,45-54,F,15.3,10.2,19.3,8.0,61,17.7,0
2021-07-02,R1,10,65-74,M,18.3,13.3,22.2,8.0,50,13.9,0
2021-07-03,R1,9,55-64,F,15.0,11.5,19.0,5.8,54,8.2,0
2021-07-04,R1,10,65-74,F,9.9,3.6,15.3,5.7,75,16.6,1
2021-07-05,R1,9,45-54,F,13.8,9.0,19.7,3.4,49,18.5,0
2021-07-06,R1,8,75-84,F,25.9,19.9,31.3,13.7,46,13.9,0
2021-07-07,R1,5,45-54,F,18.7,15.0,24.2,5.3,41,6.8,0
2021-07-08,R1,10,45-54,M,18.0,12.5,22.0,9.7,58,6.6,0
2021-07-09,R1,9,55-64,M,19.3,13.2,23.7,13.5,68,10.7,0
2021-07-10,R1,8,65-74,F,15.6,8.6,19.0,9.2,65,8.9,0
2021-07-11,R1,14,85+,F,24.3,19.2,30.8,12.9,48,13.5,0
2021-07-12,R1,14,65-74,M,17.1,11.1,22.9,13.6,79,5.0,0
2021-07-13,R1,17,85+,M,15.4,11.3,20.4,12.8,84,23.6,0
2021-07-14,R1,6,75-84,M,18.7,13.3,24.0,16.2,85,18.8,0
2021-07-15,R1,12,75-84,M,18.7,12.5,23.9,11.5,63,13.8,0
2021-07-16,R1,0,45-54,M,14.3,7.9,19.8,6.5,59,10.2,0
2021-07-17,R1,10,85+,M,20.7,17.6,25.6,10.9,53,12.3,0
2021-07-18,R1,8,55-64,F,18.0,13.6,23.1,13.2,73,12.8,0
2021-07-19,R1,10,75-84,F,21.8,18.1,26.5,9.7,46,11.4,0
2021-07-20,R1,18,45-54,M,16.6,12.4,21.9,11.0,69,14.8,0
2021-07-21,R1,9,55-64,F,13.4,7.2,18.1,8.2,70,5.9,0
2021-07-22,R1,12,65-74,F,14.1,9.1,18.0,8.2,67,16.2,0
2021-07-23,R1,9,85+,M,23.1,19.7,28.7,18.3,74,11.0,0
2021-07-24,R1,8,55-64,M,18.6,13.7,24.4,8.2,50,8.7,0
2021-07-25,R1,14,85+,M,19.1,13.8,24.6,11.1,59,5.4,0
2021-07-26,R1,16,55-64,F,21.4,15.5,26.9,12.6,57,6.6,0
2021-07-27,R1,11,65-74,F,22.1,15.6,27.4,17.2,73,10.3,0
2021-07-28,R1,8,65-74,F,20.6,16.7,24.7,14.8,69,16.2,0
2021-07-29,R1,10,85+,M,20.0,13.6,25.8,14.8,71,21.2,0
2021-07-30,R1,4,75-84,F,19.3,16.7,24.1,9.2,51,15.5,0
2021-07-31,R1,9,65-74,F,22.4,18.2,26.9,2.3,26,6.0,0
2021-08-01,R1,9,45-54,M,15.8,11.4,20.3,6.4,53,11.7,0
2021-08-02,R1,11,65-74,F,19.8,14.9,24.1,14.0,69,11.1,0
2021-08-03,R1,13,85+,F,22.4,18.6,27.5,15.6,65,14.2,0
2021-08-04,R1,5,85+,M,26.0,20.0,31.3,13.1,44,14.7,0
2021-08-05,R1,13,65-74,F,20.4,15.3,25.7,14.2,67,8.1,0
2021-08-06,R1,12,45-54,M,28.6,23.1,32.2,16.6,48,13.5,0
2021-08-07,R1,8,85+,F,20.2,16.8,25.8,16.0,76,10.5,0
2021-08-08,R1,15,75-84,F,19.7,13.9,24.5,7.4,45,11.2,0
2021-08-09,R1,20,65-74,F,22.2,16.7,28.1,11.1,49,7.3,0
2021-08-10,R1,11,55-64,M,21.3,16.4,26.3,14.9,67,23.4,0
2021-08-11,R1,11,85+,M,20.3,14.1,25.7,-7.2,15,14.0,0
2021-08-12,R1,12,55-64,M,13.6,7.6,18.5,-6.3,24,12.8,0
2021-08-13,R1,10,65-74,M,24.1,17.3,30.2,5.5,30,5.0,0
2021-08-14,R1,13,75-84,F,20.5,15.6,23.5,11.1,55,10.5,0
2021-08-15,R1,8,55-64,M,21.3,16.8,24.6,14.6,65,11.6,0
2021-08-16,R1,9,85+,M,19.7,12.9,24.3,10.6,55,17.6,0
2021-08-17,R1,9,45-54,M,21.3,16.9,24.4,12.1,55,16.0,0
2021-08-18,R1,6,85+,M,23.3,17.3,28.7,15.7,62,6.3,0
2021-08-19,R1,12,75-84,F,30.4,26.9,35.2,21.7,59,7.9,0
2021-08-20,R1,13,75-84,F,25.2,20.2,33.4,17.5,62,11.2,0
2021-08-21,R1,7,65-74,M,18.9,16.1,23.9,15.5,80,10.4,0
2021-08-22,R1,8,55-64,M,25.0,19.5,30.8,7.5,32,5.0,0
2021-08-23,R1,14,55-64,F,24.1,22.5,31.5,17.9,68,7.1,0
2021-08-24,R1,6,75-84,F,22.9,17.8,29.1,16.9,68,9.8,0
2021-08-25,R1,9,75-84,F,23.7,18.5,30.0,12.9,51,8.7,0
2021-08-26,R1,8,65-74,F,23.2,16.5,28.8,11.1,46,6.4,0
2021-08-27,R1,14,85+,F,30.3,25.1,34.5,23.3,66,7.7,0
2021-08-28,R1,9,65-74,F,22.7,18.0,26.7,13.9,57,7.2,0
2021-08-29,R1,11,45-54,M,22.5,18.9,27.7,13.6,56,5.0,0
2021-08-30,R1,15,45-54,F,23.7,20.1,28.1,14.3,55,9.9,0
2021-08-31,R1,12,85+,M,26.7,20.3,32.3,18.2,59,15.0,0
2021-09-01,R1,12,45-54,M,27.3,21.0,33.5,23.2,78,5.0,0
2021-09-02,R1,6,45-54,F,22.2,18.8,26.9,18.5,79,12.3,0
2021-09-03,R1,7,65-74,F,22.6,18.2,28.8,18.4,77,15.7,0
2021-09-04,R1,8,55-64,M,26.5,19.9,31.9,24.6,89,14.5,0
2021-09-05,R1,7,85+,M,25.5,20.1,30.6,15.8,55,9.2,0
2021-09-06,R1,10,75-84,F,26.0,21.2,31.5,18.8,64,10.3,0
2021-09-07,R1,7,45-54,M,23.6,16.9,31.3,9.9,41,5.0,0
2021-09-08,R1,10,75-84,F,26.2,21.0,31.7,14.8,49,8.9,0
2021-09-09,R1,14,85+,M,21.1,15.3,26.3,15.2,69,5.0,0
2021-09-10,R1,10,45-54,F,28.2,25.0,34.0,15.7,46,15.4,0
2021-09-11,R1,14,65-74,F,25.8,21.0,31.0,13.4,46,14.1,0
2021-09-12,R1,8,75-84,M,20.4,13.8,25.3,18.5,88,16.3,0
2021-09-13,R1,8,55-64,M,23.5,19.0,27.9,8.7,38,6.5,0
2021-09-14,R1,9,55-64,M,26.8,24.3,32.4,17.7,57,7.9,0
2021-09-15,R1,6,75-84,M,27.5,22.3,32.2,14.7,45,5.0,0
2021-09-16,R1,9,85+,F,20.6,15.4,25.6,15.6,72,13.4,0
2021-09-17,R1,14,55-64,F,26.0,22.7,31.8,20.5,71,10.6,0
2021-09-18,R1,12,75-84,M,20.3,14.2,25.1,11.9,58,5.0,0
2021-09-19,R1,7,45-54,F,23.0,18.3,28.5,11.3,47,14.3,0
2021-09-20,R1,11,45-54,F,24.4,20.2,29.0,10.7,42,20.5,0
2021-09-21,R1,15,85+,M,26.9,22.4,30.8,17.5,56,16.1,0
2021-09-22,R1,11,55-64,M,26.4,19.8,31.8,20.4,69,14.3,0
2021-09-23,R1,9,85+,M,21.0,15.2,26.3,13.2,61,5.0,0
2021-09-24,R1,5,65-74,M,20.6,16.4,23.4,13.9,65,5.3,0
2021-09-25,R1,13,65-74,M,27.1,20.3,31.4,19.5,63,5.0,0
2021-09-26,R1,13,75-84,M,32.3,26.0,36.6,22.4,55,9.9,0
2021-09-27,R1,9,85+,M,29.4,25.7,33.2,18.7,52,8.8,0
2021-09-28,R1,10,45-54,F,24.2,19.5,27.8,18.8,71,13.5,0
2021-09-29,R1,14,55-64,M,27.7,24.1,33.4,19.1,59,5.9,0
2021-09-30,R1,15,45-54,F,18.8,12.5,23.2,7.6,47,5.3,0
2021-10-01,R1,11,45-54,F,20.0,15.4,24.0,15.4,74,12.8,0
2021-10-02,R1,6,75-84,F,29.8,24.3,35.5,4.4,19,11.1,0
2021-10-03,R1,15,55-64,F,24.0,20.2,30.7,16.7,63,7.7,0
2021-10-04,R1,12,75-84,M,26.5,21.8,31.1,17.6,57,15.8,0
2021-10-05,R1,7,85+,F,22.7,17.5,29.2,11.0,47,12.4,0
2021-10-06,R1,14,55-64,F,29.1,24.9,35.2,17.9,50,8.7,0
2021-10-07,R1,15,65-74,F,27.2,22.5,32.2,15.9,50,16.4,0
2021-10-08,R1,13,65-74,M,24.9,20.2,29.9,19.8,73,8.7,0
2021-10-09,R1,13,45-54,F,24.5,17.7,29.4,15.3,56,11.2,0
2021-10-10,R1,7,75-84,F,28.2,23.2,32.7,24.1,78,20.0,0
2021-10-11,R1,8,65-74,F,30.2,25.0,34.9,24.3,70,17.3,0
2021-10-12,R1,14,75-84,F,21.2,16.2,25.1,8.9,45,9.6,0
2021-10-13,R1,11,85+,M,24.8,21.0,30.3,20.5,76,12.1,0
2021-10-14,R1,12,85+,F,26.2,18.1,31.1,17.4,58,16.4,0
2021-10-15,R1,11,55-64,F,26.3,18.7,31.9,12.6,42,14.2,0
2021-10-16,R1,16,55-64,F,24.8,20.6,29.2,21.5,82,13.4,0
2021-10-17,R1,11,65-74,M,20.1,14.6,26.4,12.4,61,15.8,0
2021-10-18,R1,11,75-84,M,23.1,17.1,28.4,19.8,81,14.0,0
2021-10-19,R1,11,85+,F,18.9,13.5,22.5,15.1,78,13.4,0
2021-10-20,R1,12,75-84,F,23.6,18.0,28.6,16.8,65,9.3,0
2021-10-21,R1,5,45-54,M,23.7,17.9,29.4,19.4,77,9.3,0
2021-10-22,R1,13,65-74,M,29.3,25.3,33.4,26.4,84,16.8,0
2021-10-23,R1,8,75-84,M,22.1,17.0,25.3,16.5,70,15.4,0
2021-10-24,R1,9,75-84,M,25.3,20.4,28.9,18.4,65,13.9,0
2021-10-25,R1,13,75-84,F,20.2,16.2,25.9,15.8,76,9.3,0
2021-10-26,R1,12,65-74,F,23.1,19.3,27.5,20.7,86,14.6,0
2021-10-27,R1,11,85+,F,23.4,16.5,28.3,15.0,59,17.5,0
2021-10-28,R1,10,65-74,M,28.2,22.2,32.0,24.1,78,13.2,0
2021-10-29,R1,9,75-84,F,28.2,22.9,33.5,23.1,73,20.1,0
2021-10-30,R1,6,45-54,F,24.0,17.8,29.0,15.9,60,23.4,0
2021-10-31,R1,10,55-64,M,27.8,22.0,33.2,18.0,55,16.6,0
2021-11-01,R1,12,75-84,F,24.2,19.5,30.1,20.3,79,19.9,0
2021-11-02,R1,15,75-84,M,23.7,16.1,30.2,18.1,70,16.5,0
2021-11-03,R1,9,85+,F,20.5,15.6,23.4,10.3,51,14.1,0
2021-11-04,R1,11,45-54,F,28.2,22.6,32.7,19.5,58,15.4,0
2021-11-05,R1,11,75-84,F,22.8,17.7,25.9,14.5,59,20.0,0
2021-11-06,R1,6,75-84,F,27.2,19.4,33.0,19.4,62,20.7,0
2021-11-07,R1,12,65-74,F,23.9,19.6,28.3,17.2,66,15.3,0
2021-11-08,R1,24,55-64,F,26.5,23.8,31.2,16.8,55,21.9,0
2021-11-09,R1,7,65-74,M,19.0,15.2,23.8,9.8,55,8.5,0
2021-11-10,R1,12,65-74,F,21.1,16.2,26.1,18.5,85,5.0,0
2021-11-11,R1,13,45-54,M,21.5,16.6,25.9,13.7,60,19.8,0
2021-11-12,R1,14,75-84,F,23.6,19.0,29.8,17.5,68,22.6,0
2021-11-13,R1,9,55-64,M,26.5,22.7,31.1,17.8,58,19.9,0
2021-11-14,R1,15,55-64,F,20.0,15.0,25.4,17.5,85,21.0,0
2021-11-15,R1,13,55-64,M,14.3,10.4,19.2,6.9,60,25.7,0
2021-11-16,R1,12,45-54,F,25.0,20.6,29.9,11.8,43,24.5,0
2021-11-17,R1,12,65-74,M,23.1,18.3,27.5,12.1,50,19.3,0
2021-11-18,R1,14,75-84,M,21.7,16.8,26.3,14.3,62,21.5,0
2021-11-19,R1,7,75-84,F,19.6,15.6,24.0,11.7,60,14.0,0
2021-11-20,R1,10,75-84,F,23.6,19.1,27.8,10.5,43,20.2,0
2021-11-21,R1,9,65-74,F,23.5,18.6,27.5,14.6,57,20.9,0
2021-11-22,R1,8,45-54,M,16.7,12.1,21.5,0.8,34,22.6,0
2021-11-23,R1,10,55-64,M,20.0,14.6,23.8,14.2,69,16.1,0
2021-11-24,R1,7,45-54,M,19.6,13.7,23.8,17.2,86,12.2,0
2021-11-25,R1,10,85+,F,19.0,14.3,24.8,15.9,82,24.9,0
2021-11-26,R1,12,65-74,F,17.3,13.5,21.9,10.4,63,9.6,0
2021-11-27,R1,19,65-74,M,18.4,14.8,23.9,-1.9,25,24.9,0
2021-11-28,R1,13,65-74,F,19.1,13.4,24.1,9.7,54,23.0,0
2021-11-29,R1,10,55-64,F,25.5,20.5,32.2,10.5,39,22.2,0
2021-11-30,R1,6,75-84,F,16.2,10.1,20.4,8.1,58,13.7,0
2021-12-01,R1,9,55-64,F,16.1,9.6,20.7,3.6,43,11.2,0
2021-12-02,R1,11,65-74,F,21.6,17.0,27.0,10.5,49,20.5,0
2021-12-03,R1,8,75-84,F,14.6,8.0,19.1,10.3,75,19.7,0
2021-12-04,R1,4,85+,M,22.4,18.1,28.1,12.6,54,22.3,0
2021-12-05,R1,12,45-54,F,18.8,13.6,23.2,10.3,58,15.7,0
2021-12-06,R1,20,75-84,M,19.8,15.3,26.2,11.4,58,29.7,0
2021-12-07,R1,10,85+,M,17.6,12.0,22.3,-5.6,20,5.7,0
2021-12-08,R1,8,85+,M,17.5,10.7,22.5,4.0,40,19.1,0
2021-12-09,R1,17,55-64,F,25.0,19.5,30.0,10.7,40,29.1,0
2021-12-10,R1,11,55-64,M,16.4,11.2,19.9,12.2,76,21.0,0
2021-12-11,R1,6,45-54,M,14.3,8.6,18.5,4.8,52,21.7,0
2021-12-12,R1,14,55-64,M,14.7,9.7,20.7,2.6,44,20.0,0
2021-12-13,R1,10,85+,M,17.8,12.7,25.1,12.1,69,19.1,0
2021-12-14,R1,8,55-64,M,14.9,10.2,19.5,6.0,55,15.7,0
2021-12-15,R1,12,55-64,M,20.4,15.5,24.5,6.3,39,21.2,0
2021-12-16,R1,9,45-54,F,19.6,14.5,24.8,16.3,81,20.4,0
2021-12-17,R1,10,65-74,F,10.9,6.5,16.3,3.9,62,28.7,0
2021-12-18,R1,9,85+,M,22.4,16.4,28.1,13.4,56,22.7,0
2021-12-19,R1,11,55-64,F,12.9,5.5,19.0,6.1,63,30.2,0
2021-12-20,R1,8,85+,F,10.9,5.3,16.4,9.2,89,15.3,0
2021-12-21,R1,14,45-54,M,12.6,8.7,18.0,0.5,43,27.1,0
2021-12-22,R1,9,45-54,F,17.1,12.4,22.2,11.7,70,28.9,0
2021-12-23,R1,13,85+,M,17.4,13.8,21.5,6.6,49,22.7,0
2021-12-24,R1,12,65-74,F,11.0,6.4,15.9,-2.7,38,20.8,0
2021-12-25,R1,5,65-74,F,13.6,7.1,19.1,2.8,47,24.5,1
2021-12-26,R1,10,55-64,F,19.3,14.1,24.0,13.2,67,23.3,0
2021-12-27,R1,9,75-84,M,21.3,16.7,26.5,15.3,68,28.0,0
2021-12-28,R1,13,75-84,F,20.4,14.8,27.3,15.5,73,15.5,0
2021-12-29,R1,15,65-74,F,15.0,8.9,19.3,9.4,69,23.4,0
2021-12-30,R1,12,75-84,F,8.2,3.3,13.7,1.7,63,29.6,0
2021-12-31,R1,16,85+,F,7.7,2.1,12.4,-3.1,46,26.6,0
2022-01-01,R1,7,55-64,F,14.1,9.8,18.5,9.3,72,24.9,1
2022-01-02,R1,10,75-84,M,15.4,9.1,19.0,9.6,68,30.4,0
2022-01-03,R1,11,55-64,F,14.6,10.8,19.3,0.8,38,28.4,0
2022-01-04,R1,7,85+,F,13.7,8.2,18.3,2.9,47,21.7,0
2022-01-05,R1,11,65-74,M,13.1,8.6,17.8,12.4,95,21.8,0
2022-01-06,R1,22,65-74,M,10.8,4.9,15.6,1.7,53,33.9,0
2022-01-07,R1,11,55-64,F,12.0,6.4,18.2,5.0,62,35.0,0
2022-01-08,R1,7,65-74,M,13.6,9.9,18.5,6.8,63,24.0,0
2022-01-09,R1,12,85+,M,12.0,7.5,18.5,8.8,80,28.4,0
2022-01-10,R1,8,55-64,F,12.3,7.0,16.9,5.6,63,27.4,0
2022-01-11,R1,12,45-54,F,10.0,5.6,14.4,-1.8,43,31.6,0
2022-01-12,R1,10,65-74,M,10.8,6.0,14.8,6.1,72,30.9,0
2022-01-13,R1,9,75-84,M,10.8,6.6,17.1,5.8,71,23.3,0
2022-01-14,R1,12,75-84,M,9.3,5.8,12.8,0.6,54,26.4,0
2022-01-15,R1,11,75-84,F,13.8,8.9,18.0,6.5,61,20.7,0
2022-01-16,R1,8,65-74,M,15.2,11.1,20.6,-4.8,24,21.5,0
2022-01-17,R1,15,55-64,F,10.8,4.1,15.1,7.6,80,22.0,0
2022-01-18,R1,10,65-74,M,10.3,4.7,15.7,0.8,51,30.4,0
2022-01-19,R1,13,85+,M,13.4,9.9,18.9,1.6,44,24.5,0
2022-01-20,R1,8,75-84,M,14.7,10.6,19.2,11.0,78,27.8,0
2022-01-21,R1,11,55-64,M,15.7,11.3,21.7,13.5,86,23.4,0
2022-01-22,R1,8,45-54,F,11.7,6.9,16.5,4.4,60,28.2,0
2022-01-23,R1,13,65-74,F,10.4,5.4,15.0,4.1,64,18.8,0
2022-01-24,R1,12,65-74,M,9.8,5.6,16.4,2.4,60,28.9,0
2022-01-25,R1,13,75-84,F,9.9,5.9,14.7,-11.1,21,22.5,0
2022-01-26,R1,16,75-84,F,14.5,8.8,19.0,2.5,44,33.9,0
2022-01-27,R1,8,85+,M,16.1,11.2,22.4,13.6,85,23.2,0
2022-01-28,R1,10,75-84,M,12.0,7.2,17.0,6.3,68,19.1,0
2022-01-29,R1,17,55-64,M,11.7,5.3,16.6,-6.2,28,28.8,0
2022-01-30,R1,6,55-64,M,8.6,5.0,14.3,-0.8,51,26.6,0
2022-01-31,R1,10,85+,F,9.8,5.2,15.2,6.5,80,31.9,0
2022-02-01,R1,10,45-54,M,6.8,2.0,11.0,-4.6,44,19.4,0
2022-02-02,R1,6,45-54,F,6.9,1.8,11.4,3.0,76,28.0,0
2022-02-03,R1,10,85+,M,8.9,5.1,13.7,-1.3,48,30.8,0
2022-02-04,R1,13,75-84,F,10.7,4.8,14.9,3.3,60,29.9,0
2022-02-05,R1,16,85+,F,17.3,12.5,20.4,7.1,51,15.2,0
2022-02-06,R1,15,45-54,F,7.7,2.9,13.8,-2.3,49,35.9,0
2022-02-07,R1,19,45-54,F,2.0,-4.1,7.1,-7.6,48,35.1,0
2022-02-08,R1,21,55-64,M,5.1,0.2,11.2,-1.3,63,35.5,0
2022-02-09,R1,10,75-84,F,3.7,-1.0,9.0,0.9,82,26.5,0
2022-02-10,R1,9,85+,M,7.7,1.7,11.9,0.9,61,31.6,0
2022-02-11,R1,8,45-54,F,10.4,5.2,15.8,0.6,50,26.3,0
2022-02-12,R1,17,55-64,M,6.2,0.3,11.1,-0.6,61,14.4,0
2022-02-13,R1,10,65-74,F,10.7,5.9,15.5,-2.4,40,28.5,0
2022-02-14,R1,11,65-74,M,8.4,3.9,11.6,4.0,74,18.8,0
2022-02-15,R1,9,55-64,F,2.1,-2.1,6.3,-7.7,48,34.5,0
2022-02-16,R1,11,75-84,M,10.4,5.5,16.1,2.3,57,31.9,0
2022-02-17,R1,13,75-84,M,8.7,3.2,13.1,5.8,82,27.4,0
2022-02-18,R1,17,65-74,M,6.3,2.0,9.8,3.7,83,31.9,0
2022-02-19,R1,10,85+,M,3.2,-1.6,7.3,-5.2,54,27.8,0
2022-02-20,R1,11,45-54,M,7.9,3.2,13.7,2.2,67,31.2,0
2022-02-21,R1,10,85+,F,9.2,4.0,14.0,6.4,82,27.5,0
2022-02-22,R1,8,45-54,F,4.4,-0.2,8.9,-8.7,38,26.6,0
2022-02-23,R1,15,75-84,M,-1.1,-6.7,3.4,-6.5,66,29.9,0
2022-02-24,R1,14,55-64,M,10.7,5.7,16.8,6.2,74,33.3,0
2022-02-25,R1,13,55-64,M,3.0,-4.0,7.0,-0.6,77,30.6,0
2022-02-26,R1,13,85+,M,6.4,2.5,11.0,2.1,73,31.2,0
2022-02-27,R1,10,85+,F,4.7,-1.0,9.6,-6.9,42,39.2,0
2022-02-28,R1,15,75-84,F,9.8,5.3,13.3,-0.2,49,36.6,0
2022-03-01,R1,13,75-84,M,8.4,3.7,13.3,2.2,64,25.8,0
2022-03-02,R1,11,75-84,F,5.6,0.9,11.6,-9.7,32,28.1,0
2022-03-03,R1,13,65-74,M,11.4,5.8,16.0,4.8,63,28.2,0
2022-03-04,R1,6,65-74,M,5.5,2.4,7.5,-8.0,37,29.9,0
2022-03-05,R1,12,45-54,F,2.6,-2.0,7.6,-3.7,63,26.0,0
2022-03-06,R1,13,55-64,M,4.2,-1.9,9.1,-5.4,49,34.6,0
2022-03-07,R1,3,75-84,F,5.8,2.1,10.6,-3.6,50,28.0,0
2022-03-08,R1,10,45-54,F,5.3,2.2,9.6,-8.1,37,31.2,0
2022-03-09,R1,15,55-64,M,2.2,-3.5,8.0,-1.9,74,26.9,0
2022-03-10,R1,14,75-84,F,4.0,-0.7,6.6,-4.1,55,30.4,0
2022-03-11,R1,22,55-64,F,3.8,-0.3,8.3,-0.1,75,37.3,0
2022-03-12,R1,10,45-54,M,9.4,3.3,14.3,-3.9,39,23.3,0
2022-03-13,R1,13,55-64,M,4.4,-2.2,9.2,1.7,82,33.1,0
2022-03-14,R1,11,75-84,M,2.5,-1.5,9.0,-8.1,45,35.2,0
2022-03-15,R1,10,75-84,M,-0.8,-6.3,1.7,-8.4,56,34.0,0
2022-03-16,R1,11,45-54,M,3.2,-2.0,6.2,-3.9,59,31.3,0
2022-03-17,R1,11,85+,F,3.6,0.6,8.7,-7.0,45,26.8,0
2022-03-18,R1,13,85+,F,6.9,3.3,12.1,-0.6,59,35.8,0
2022-03-19,R1,15,75-84,M,12.8,8.9,17.8,6.4,65,30.9,0
2022-03-20,R1,18,75-84,M,4.1,-0.5,8.7,-9.4,36,28.7,0
2022-03-21,R1,8,45-54,M,3.4,-0.7,9.8,-6.9,46,32.3,0
2022-03-22,R1,14,65-74,M,1.0,-4.9,4.7,-4.7,65,30.0,0
2022-03-23,R1,16,45-54,M,3.2,0.9,8.8,-7.8,44,31.7,0
2022-03-24,R1,10,45-54,M,1.9,-3.1,7.5,-5.7,57,35.1,0
2022-03-25,R1,13,75-84,M,5.9,0.3,12.1,-6.0,42,22.7,0
2022-03-26,R1,8,55-64,F,5.1,2.4,9.9,-4.9,48,33.8,0
2022-03-27,R1,13,55-64,F,0.5,-5.1,6.1,-2.8,78,39.7,0
2022-03-28,R1,13,45-54,F,5.5,0.5,10.3,1.5,75,23.5,0
2022-03-29,R1,21,75-84,F,1.3,-3.6,6.1,-8.5,48,33.3,0
2022-03-30,R1,10,45-54,F,4.9,0.5,9.9,0.0,70,26.8,0
2022-03-31,R1,9,75-84,F,3.3,-2.6,8.3,0.6,82,23.0,0
2022-04-01,R1,13,55-64,M,0.9,-4.8,5.9,-7.7,52,26.8,0
2022-04-02,R1,6,45-54,F,1.0,-4.7,5.8,-0.3,90,26.0,0
2022-04-03,R1,14,45-54,F,2.8,-2.9,8.4,-9.9,38,22.9,0
2022-04-04,R1,20,75-84,M,4.6,1.2,8.5,-4.3,52,25.1,0
2022-04-05,R1,11,55-64,F,5.0,-1.1,9.2,-9.3,34,26.6,0
2022-04-06,R1,15,75-84,F,-0.8,-7.5,3.7,-14.2,35,32.8,0
2022-04-07,R1,14,45-54,M,3.5,-1.9,9.1,-1.2,71,27.7,0
2022-04-08,R1,14,75-84,M,4.7,1.1,10.3,-2.3,60,26.0,0
2022-04-09,R1,12,55-64,F,5.1,-0.2,9.7,-9.1,34,27.3,0
2022-04-10,R1,11,55-64,M,-1.4,-4.8,5.7,-12.2,43,35.0,0
2022-04-11,R1,9,65-74,F,2.8,-3.8,7.8,-2.8,66,26.4,0
2022-04-12,R1,13,85+,F,10.4,6.1,16.2,4.6,67,22.3,0
2022-04-13,R1,11,55-64,M,6.4,1.2,11.3,-1.1,58,27.1,0
2022-04-14,R1,19,75-84,F,1.1,-3.3,5.6,-0.3,90,20.8,0
2022-04-15,R1,13,85+,M,9.1,2.9,13.6,2.4,62,18.0,0
2022-04-16,R1,13,75-84,M,0.4,-5.0,3.7,-6.0,62,21.0,0
2022-04-17,R1,15,85+,M,3.2,-3.3,6.7,-1.5,71,24.6,0
2022-04-18,R1,14,45-54,F,8.3,3.1,13.4,2.7,67,28.5,0
2022-04-19,R1,14,85+,F,0.7,-4.1,4.3,-5.3,64,35.0,0
2022-04-20,R1,9,45-54,F,-0.5,-5.0,4.8,-23.0,16,21.8,0
2022-04-21,R1,16,85+,F,8.4,3.2,13.9,-0.1,55,27.1,0
2022-04-22,R1,19,75-84,F,9.9,5.3,14.0,6.5,79,29.1,0
2022-04-23,R1,14,85+,M,2.6,-3.0,9.0,0.2,84,29.8,0
2022-04-24,R1,11,65-74,M,10.2,4.6,17.7,-0.1,49,21.2,0
2022-04-25,R1,10,45-54,M,5.8,-0.2,11.4,0.1,66,24.0,0
2022-04-26,R1,10,85+,F,8.1,2.4,13.2,-4.5,40,22.7,0
2022-04-27,R1,7,75-84,F,11.5,5.2,16.3,-1.0,41,32.4,0
2022-04-28,R1,10,55-64,M,9.3,6.7,13.5,1.5,58,29.3,0
2022-04-29,R1,13,85+,M,4.9,-0.6,8.8,-7.7,39,29.2,0
2022-04-30,R1,11,75-84,F,4.0,-2.3,7.5,0.7,78,31.9,0
2022-05-01,R1,6,55-64,F,5.9,2.2,9.9,0.7,69,28.4,0
2022-05-02,R1,12,65-74,F,11.1,5.6,17.2,5.3,67,29.9,0
2022-05-03,R1,9,75-84,F,6.0,0.5,11.6,0.1,65,24.0,0
2022-05-04,R1,13,75-84,F,3.7,-1.1,7.0,-3.2,60,23.7,0
2022-05-05,R1,11,55-64,M,9.0,1.8,15.1,1.5,59,18.9,0
2022-05-06,R1,12,45-54,F,4.8,0.2,9.7,-0.7,67,18.2,0
2022-05-07,R1,9,55-64,M,12.6,7.4,16.0,6.5,66,27.0,0
2022-05-08,R1,11,45-54,F,7.8,2.2,14.5,2.3,68,21.3,0
2022-05-09,R1,19,65-74,F,3.4,-0.5,8.5,-2.4,65,15.4,0
2022-05-10,R1,14,45-54,F,6.4,2.5,11.4,-4.4,46,30.1,0
2022-05-11,R1,10,45-54,M,4.5,0.8,9.9,-6.9,43,18.1,0
2022-05-12,R1,17,65-74,M,5.8,1.7,12.6,1.4,73,21.4,0
2022-05-13,R1,15,45-54,M,8.0,3.2,12.7,-0.9,53,24.5,0
2022-05-14,R1,18,75-84,F,4.9,-0.5,11.4,-1.7,62,21.1,0
2022-05-15,R1,12,55-64,F,8.6,4.2,13.4,-0.7,52,29.5,0
2022-05-16,R1,11,65-74,F,5.9,0.7,11.2,-7.8,36,24.1,0
2022-05-17,R1,10,75-84,M,9.0,2.7,12.9,0.4,54,26.0,0
2022-05-18,R1,16,85+,M,10.2,4.1,14.9,-1.2,45,20.9,0
2022-05-19,R1,11,45-54,F,7.9,3.2,12.7,2.9,70,26.5,0
2022-05-20,R1,7,55-64,M,13.3,8.8,18.5,7.8,69,17.8,0
2022-05-21,R1,9,65-74,F,7.0,1.4,12.3,-6.0,39,24.6,0
2022-05-22,R1,11,55-64,M,8.9,5.2,14.1,4.5,73,17.8,0
2022-05-23,R1,17,45-54,F,1.8,-5.3,7.3,-3.1,70,20.9,0
2022-05-24,R1,9,45-54,F,10.8,6.0,16.1,0.3,48,25.8,0
2022-05-25,R1,11,55-64,M,14.2,8.0,19.1,10.3,77,20.8,0
2022-05-26,R1,8,55-64,F,7.7,4.5,13.7,-6.5,35,22.6,0
2022-05-27,R1,12,45-54,M,5.8,1.6,8.4,-11.7,27,29.9,0
2022-05-28,R1,14,75-84,F,8.9,3.0,13.4,2.3,63,20.7,0
2022-05-29,R1,12,45-54,M,7.0,1.5,11.5,0.2,61,27.5,0
2022-05-30,R1,12,55-64,M,8.7,3.6,15.6,-7.7,30,19.9,0
2022-05-31,R1,14,55-64,F,11.2,6.0,17.8,5.2,66,26.9,0
2022-06-01,R1,14,55-64,F,6.9,1.4,11.5,-2.9,49,22.6,0
2022-06-02,R1,5,75-84,F,14.0,9.4,19.6,7.0,62,23.6,0
2022-06-03,R1,13,45-54,F,10.4,4.6,16.1,-0.0,48,15.2,0
2022-06-04,R1,14,55-64,M,10.3,4.3,15.7,3.8,64,17.7,0
2022-06-05,R1,9,75-84,M,12.6,7.5,17.7,10.3,85,25.4,0
2022-06-06,R1,10,55-64,M,10.6,5.3,16.5,5.6,71,13.7,0
2022-06-07,R1,6,85+,F,15.3,8.8,20.6,10.0,70,22.9,0
2022-06-08,R1,17,55-64,M,17.5,11.4,22.0,5.3,44,21.4,0
2022-06-09,R1,8,45-54,M,12.8,8.3,17.9,-0.5,39,17.5,0
2022-06-10,R1,13,45-54,M,13.5,8.1,18.0,6.9,64,26.1,0
2022-06-11,R1,4,45-54,M,18.1,14.4,23.1,9.3,56,18.9,0
2022-06-12,R1,8,55-64,M,10.1,6.9,15.4,8.7,90,20.5,0
2022-06-13,R1,13,65-74,M,15.2,8.2,21.7,10.2,72,18.2,0
2022-06-14,R1,12,65-74,M,11.6,8.0,16.5,2.9,55,12.0,0
2022-06-15,R1,6,65-74,F,15.4,12.3,18.4,7.7,60,18.2,0
2022-06-16,R1,11,45-54,M,17.4,12.8,22.4,16.6,95,16.6,0
2022-06-17,R1,12,75-84,F,13.8,8.6,18.9,3.9,51,19.0,0
2022-06-18,R1,8,65-74,M,15.7,11.6,20.4,11.1,74,24.6,0
2022-06-19,R1,5,45-54,F,10.2,5.5,16.1,2.3,58,14.6,0
2022-06-20,R1,9,65-74,M,10.8,5.6,15.8,-0.6,45,13.3,0
2022-06-21,R1,13,55-64,F,14.9,11.7,19.9,12.3,84,25.1,0
2022-06-22,R1,13,65-74,F,10.2,5.3,16.4,4.8,68,13.0,0
2022-06-23,R1,12,75-84,M,11.5,6.4,16.3,3.5,57,15.5,0
2022-06-24,R1,9,55-64,F,16.6,12.2,21.6,12.7,77,10.7,0
2022-06-25,R1,11,75-84,F,12.8,8.3,17.4,5.6,61,14.4,0
2022-06-26,R1,11,45-54,M,18.7,13.5,25.2,7.7,48,21.1,0
2022-06-27,R1,8,85+,M,16.3,11.8,21.1,8.2,58,23.1,0
2022-06-28,R1,10,55-64,M,15.2,11.4,18.7,9.7,69,19.0,0
2022-06-29,R1,15,85+,M,16.8,11.2,19.2,8.1,56,18.0,0
2022-06-30,R1,7,45-54,M,15.4,8.9,21.5,7.2,58,14.3,0
2022-07-01,R1,9,75-84,F,11.3,6.1,16.4,6.1,70,22.1,0
2022-07-02,R1,13,45-54,M,11.6,7.1,16.2,6.1,68,10.3,0
2022-07-03,R1,8,65-74,M,15.0,9.5,19.6,5.3,51,8.1,0
2022-07-04,R1,5,65-74,F,22.7,17.3,27.4,17.9,74,18.2,1
2022-07-05,R1,10,85+,F,16.9,12.0,21.6,5.5,46,18.5,0
2022-07-06,R1,12,75-84,M,17.5,12.5,21.0,3.9,40,10.5,0
2022-07-07,R1,10,65-74,F,16.3,13.5,19.5,8.5,59,24.1,0
2022-07-08,R1,15,85+,M,16.7,10.5,21.4,6.1,49,21.2,0
2022-07-09,R1,11,55-64,F,20.9,15.7,26.4,13.4,61,11.5,0
2022-07-10,R1,6,55-64,M,17.4,15.1,22.0,11.0,66,22.0,0
2022-07-11,R1,14,75-84,M,21.2,15.0,27.4,14.8,66,12.0,0
2022-07-12,R1,11,75-84,F,16.4,11.1,21.9,6.6,52,23.0,0
2022-07-13,R1,16,55-64,M,16.0,11.1,19.8,7.6,57,6.0,0
2022-07-14,R1,3,85+,M,17.3,11.5,21.1,10.2,63,16.8,0
2022-07-15,R1,9,65-74,M,17.4,13.5,23.8,4.5,42,5.0,0
2022-07-16,R1,12,65-74,F,14.8,10.4,20.6,11.2,79,18.6,0
2022-07-17,R1,7,65-74,M,22.6,17.2,27.3,9.3,42,23.2,0
2022-07-18,R1,12,75-84,M,17.8,13.9,23.1,4.0,39,10.5,0
2022-07-19,R1,9,45-54,M,18.9,14.9,25.5,12.7,67,21.7,0
2022-07-20,R1,14,65-74,M,20.7,16.9,26.4,14.7,68,18.9,0
2022-07-21,R1,7,65-74,F,16.1,9.0,19.6,2.0,38,15.3,0
2022-07-22,R1,8,85+,M,12.9,8.4,16.0,7.9,71,5.0,0
2022-07-23,R1,6,45-54,F,20.6,15.8,24.5,14.6,68,15.3,0
2022-07-24,R1,10,65-74,M,21.8,18.3,25.8,12.4,55,20.2,0
2022-07-25,R1,10,85+,F,18.2,13.6,24.4,14.6,79,16.8,0
2022-07-26,R1,11,65-74,M,14.5,11.5,20.5,6.1,57,5.5,0
2022-07-27,R1,11,55-64,F,18.8,13.4,22.6,12.0,64,5.2,0
2022-07-28,R1,6,75-84,M,20.4,17.4,24.8,14.1,66,12.7,0
2022-07-29,R1,9,75-84,M,23.8,19.4,26.5,11.2,45,6.2,0
2022-07-30,R1,3,45-54,F,24.4,19.4,30.3,8.1,35,5.0,0
2022-07-31,R1,9,45-54,F,16.8,10.6,24.5,10.7,67,8.3,0
2022-08-01,R1,12,55-64,M,18.7,13.2,23.8,17.3,91,13.6,0
2022-08-02,R1,10,45-54,F,18.4,13.0,24.0,10.6,60,23.3,0
2022-08-03,R1,15,85+,F,26.0,22.4,32.3,13.2,45,8.4,0
2022-08-04,R1,7,65-74,M,19.3,14.2,24.1,14.3,72,28.3,0
2022-08-05,R1,16,75-84,F,22.3,16.9,26.9,20.6,89,7.4,0
2022-08-06,R1,9,85+,F,24.9,19.5,31.0,13.8,50,15.6,0
2022-08-07,R1,8,65-74,M,19.7,15.1,24.0,8.6,48,9.5,0
2022-08-08,R1,11,75-84,M,24.6,21.4,29.0,9.9,39,9.5,0
2022-08-09,R1,6,85+,F,25.9,20.4,30.1,18.1,62,6.6,0
2022-08-10,R1,4,65-74,F,22.1,17.3,27.7,17.0,72,13.1,0
2022-08-11,R1,10,45-54,F,17.8,16.0,22.7,6.5,47,12.6,0
2022-08-12,R1,12,55-64,M,18.8,13.4,23.2,10.7,59,13.5,0
2022-08-13,R1,10,65-74,F,20.6,15.0,24.6,11.9,57,8.6,0
2022-08-14,R1,10,85+,F,22.9,17.8,27.7,9.9,43,12.6,0
2022-08-15,R1,7,75-84,F,19.6,15.0,25.7,14.8,73,5.1,0
2022-08-16,R1,11,55-64,F,22.2,16.0,26.8,17.5,75,5.0,0
2022-08-17,R1,12,75-84,M,20.1,16.0,25.7,9.6,50,9.0,0
2022-08-18,R1,14,75-84,M,18.7,13.7,21.8,9.6,55,5.0,0
2022-08-19,R1,11,65-74,M,23.5,19.4,28.2,21.2,87,7.9,0
2022-08-20,R1,13,55-64,F,13.0,8.5,18.0,2.8,50,14.5,0
2022-08-21,R1,11,55-64,M,19.5,14.9,24.9,11.9,61,20.0,0
2022-08-22,R1,11,85+,F,22.3,17.5,28.6,21.5,95,16.2,0
2022-08-23,R1,11,55-64,F,20.3,16.6,25.3,15.1,72,5.0,0
2022-08-24,R1,14,45-54,F,27.5,23.9,34.8,11.4,36,5.0,0
2022-08-25,R1,5,65-74,F,23.1,18.3,27.2,16.5,66,8.5,0
2022-08-26,R1,12,75-84,F,19.6,15.9,25.1,3.0,33,17.1,0
2022-08-27,R1,12,45-54,M,25.8,20.8,30.1,18.2,62,5.0,0
2022-08-28,R1,13,65-74,F,23.1,18.5,26.8,15.2,61,6.0,0
2022-08-29,R1,6,65-74,F,24.7,21.6,29.9,14.2,51,5.9,0
2022-08-30,R1,12,45-54,F,21.1,16.5,26.4,8.1,43,10.8,0
2022-08-31,R1,14,65-74,M,23.4,19.1,28.4,14.1,55,6.9,0
2022-09-01,R1,11,75-84,M,24.4,20.4,28.9,14.8,55,5.0,0
2022-09-02,R1,14,85+,M,22.3,14.3,26.6,3.4,28,5.0,0
2022-09-03,R1,11,45-54,F,23.5,18.8,28.7,18.4,73,12.0,0
2022-09-04,R1,5,75-84,F,25.3,20.4,30.0,24.4,95,5.0,0
2022-09-05,R1,14,55-64,F,29.1,24.9,35.0,18.2,51,13.3,0
2022-09-06,R1,20,85+,F,19.6,13.1,23.0,7.1,44,12.1,0
2022-09-07,R1,11,85+,F,21.3,16.5,26.1,15.8,70,12.4,0
2022-09-08,R1,15,55-64,M,24.4,20.5,28.1,12.3,46,5.2,0
2022-09-09,R1,14,65-74,M,22.1,18.0,26.7,17.4,74,11.2,0
2022-09-10,R1,9,55-64,F,20.7,14.4,26.2,9.0,47,7.3,0
2022-09-11,R1,5,75-84,F,29.5,24.0,34.7,21.4,61,18.9,0
2022-09-12,R1,10,55-64,M,20.4,16.1,23.7,14.7,69,5.0,0
2022-09-13,R1,9,45-54,M,23.9,20.2,28.5,23.0,95,14.1,0
2022-09-14,R1,9,65-74,M,25.1,20.5,30.6,12.6,45,5.5,0
2022-09-15,R1,12,45-54,M,26.8,22.1,33.7,22.2,76,5.0,0
2022-09-16,R1,6,45-54,M,30.3,25.3,36.2,20.4,55,9.4,0
2022-09-17,R1,11,65-74,M,23.9,19.4,26.1,18.0,69,10.9,0
2022-09-18,R1,8,75-84,M,23.7,18.3,29.4,14.6,56,15.2,0
2022-09-19,R1,9,65-74,F,20.2,16.3,23.2,11.5,57,18.5,0
2022-09-20,R1,13,85+,M,23.0,18.0,27.4,12.5,51,15.5,0
2022-09-21,R1,14,85+,F,23.5,17.9,29.7,22.7,95,8.3,0
2022-09-22,R1,10,65-74,M,24.5,19.9,26.9,16.7,61,9.7,0
2022-09-23,R1,12,65-74,M,24.2,21.3,28.0,18.3,69,9.5,0
2022-09-24,R1,10,45-54,F,23.5,17.6,29.2,17.7,69,18.5,0
2022-09-25,R1,11,45-54,F,23.0,18.7,28.5,14.7,59,8.8,0
2022-09-26,R1,12,65-74,M,28.3,22.3,34.9,19.1,57,5.0,0
2022-09-27,R1,10,65-74,M,26.9,21.6,30.5,19.6,64,8.2,0
2022-09-28,R1,13,65-74,M,24.7,18.8,27.0,17.2,62,17.1,0
2022-09-29,R1,5,65-74,F,25.5,20.5,31.0,17.2,59,7.2,0
2022-09-30,R1,8,55-64,M,25.0,20.4,29.5,18.6,67,15.1,0
2022-10-01,R1,12,75-84,M,27.9,24.2,33.4,24.9,84,19.4,0
2022-10-02,R1,11,45-54,F,27.1,19.9,29.8,16.7,53,15.7,0
2022-10-03,R1,8,85+,F,25.4,20.6,29.8,14.7,51,12.9,0
2022-10-04,R1,9,85+,F,19.9,14.9,27.8,16.1,78,8.8,0
2022-10-05,R1,13,65-74,M,29.0,24.2,34.0,20.6,60,17.4,0
2022-10-06,R1,13,75-84,M,18.8,14.1,25.0,12.9,68,17.0,0
2022-10-07,R1,17,45-54,M,27.8,22.8,34.5,17.0,52,18.9,0
2022-10-08,R1,13,85+,M,25.6,20.3,30.4,14.3,49,10.3,0
2022-10-09,R1,7,45-54,F,24.2,18.5,30.0,7.0,33,11.6,0
2022-10-10,R1,10,45-54,F,28.5,24.8,35.8,16.2,47,12.6,0
2022-10-11,R1,13,65-74,M,23.3,18.8,29.2,21.0,87,17.9,0
2022-10-12,R1,10,75-84,M,27.4,24.1,31.6,19.0,59,14.6,0
2022-10-13,R1,10,85+,M,26.2,20.2,28.1,17.0,57,18.0,0
2022-10-14,R1,9,65-74,M,17.0,11.6,20.1,13.0,76,18.6,0
2022-10-15,R1,8,45-54,F,25.3,21.5,30.9,8.9,35,5.0,0
2022-10-16,R1,13,45-54,F,25.9,20.1,29.0,8.4,33,12.5,0
2022-10-17,R1,12,55-64,M,19.5,15.2,23.0,3.5,34,13.6,0
2022-10-18,R1,15,65-74,F,20.5,16.3,25.6,12.0,58,28.5,0
2022-10-19,R1,8,55-64,F,23.2,18.6,29.1,13.2,53,12.3,0
2022-10-20,R1,11,75-84,F,23.2,18.1,28.7,14.0,56,12.1,0
2022-10-21,R1,13,45-54,F,26.5,20.2,31.3,13.5,44,13.4,0
2022-10-22,R1,11,65-74,F,23.1,19.8,28.6,11.7,48,14.7,0
2022-10-23,R1,7,65-74,M,22.6,16.8,25.8,9.9,44,5.0,0
2022-10-24,R1,7,55-64,M,28.3,24.4,32.6,19.9,60,15.3,0
2022-10-25,R1,14,55-64,M,23.8,17.3,28.3,9.5,40,15.3,0
2022-10-26,R1,12,85+,M,32.2,28.6,37.1,28.0,78,8.0,0
2022-10-27,R1,4,75-84,F,24.5,19.1,30.0,11.9,45,6.1,0
2022-10-28,R1,8,85+,F,29.4,22.4,33.4,23.0,68,18.8,0
2022-10-29,R1,15,65-74,F,23.6,18.5,27.1,17.8,69,13.3,0
2022-10-30,R1,8,75-84,F,23.4,17.6,28.2,8.3,38,17.6,0
2022-10-31,R1,7,45-54,F,26.6,20.8,32.6,0.6,18,23.6,0
2022-11-01,R1,14,85+,F,18.1,13.1,22.8,12.5,69,20.4,0
2022-11-02,R1,8,45-54,F,22.5,17.8,28.5,18.6,78,20.6,0
2022-11-03,R1,11,45-54,F,20.9,16.0,25.2,12.8,59,10.2,0
2022-11-04,R1,13,75-84,F,23.1,17.1,29.0,17.7,71,17.0,0
2022-11-05,R1,9,65-74,F,17.5,13.0,23.1,7.1,50,23.8,0
2022-11-06,R1,12,85+,M,23.1,16.6,26.5,6.6,34,19.7,0
2022-11-07,R1,11,75-84,M,26.5,22.0,31.2,10.3,36,12.4,0
2022-11-08,R1,7,55-64,M,24.3,17.2,28.5,8.1,35,10.9,0
2022-11-09,R1,8,55-64,F,26.3,19.7,31.8,24.9,92,14.5,0
2022-11-10,R1,15,45-54,F,22.1,17.3,25.9,13.9,59,21.5,0
2022-11-11,R1,11,85+,M,19.9,14.5,25.2,8.5,47,5.6,0
2022-11-12,R1,10,55-64,F,24.2,20.0,28.3,16.6,62,28.6,0
2022-11-13,R1,7,65-74,M,27.4,22.3,31.9,10.0,33,23.9,0
2022-11-14,R1,9,75-84,M,18.1,13.2,23.3,8.2,52,21.0,0
2022-11-15,R1,11,85+,F,21.2,17.9,26.5,3.6,31,18.1,0
2022-11-16,R1,11,85+,F,28.6,24.7,33.4,16.9,49,13.1,0
2022-11-17,R1,6,75-84,F,28.3,22.9,32.3,18.2,54,13.6,0
2022-11-18,R1,6,85+,M,19.6,14.0,25.9,16.2,80,20.4,0
2022-11-19,R1,12,65-74,M,15.8,10.3,19.7,7.8,59,18.5,0
2022-11-20,R1,9,85+,F,21.7,17.2,26.8,11.2,51,17.1,0
2022-11-21,R1,7,85+,F,20.7,14.8,24.8,9.6,49,18.0,0
2022-11-22,R1,6,75-84,M,19.4,15.4,23.9,10.6,56,18.7,0
2022-11-23,R1,7,55-64,F,19.4,15.2,25.5,0.6,28,17.6,0
2022-11-24,R1,10,75-84,F,19.1,14.2,25.2,12.4,64,12.9,0
2022-11-25,R1,16,65-74,F,20.2,15.2,24.8,19.4,95,16.9,0
2022-11-26,R1,7,75-84,M,18.5,13.6,22.6,5.7,42,24.3,0
2022-11-27,R1,8,75-84,F,15.3,10.4,20.6,8.6,64,16.9,0
2022-11-28,R1,10,55-64,M,20.1,16.4,23.5,13.1,63,26.4,0
2022-11-29,R1,12,85+,M,20.4,14.2,26.0,15.1,71,17.3,0
2022-11-30,R1,10,55-64,F,23.2,20.6,28.2,14.7,58,13.0,0
2022-12-01,R1,4,45-54,M,25.1,19.1,30.7,18.2,65,19.2,0
2022-12-02,R1,14,55-64,M,15.2,9.6,20.1,1.2,38,22.3,0
2022-12-03,R1,11,75-84,M,17.4,11.8,21.9,7.9,53,17.7,0
2022-12-04,R1,14,55-64,M,19.6,13.3,25.1,10.4,55,18.6,0
2022-12-05,R1,10,65-74,F,17.4,12.8,20.9,11.2,67,19.9,0
2022-12-06,R1,12,75-84,M,15.8,11.6,22.0,8.3,61,24.2,0
2022-12-07,R1,10,65-74,F,21.1,14.9,27.2,7.8,42,27.6,0
2022-12-08,R1,13,75-84,M,20.9,15.4,25.7,15.8,72,21.9,0
2022-12-09,R1,7,45-54,F,18.0,14.4,23.9,8.3,52,29.3,0
2022-12-10,R1,10,45-54,M,15.2,10.7,22.0,8.0,62,17.6,0
2022-12-11,R1,13,45-54,F,15.6,11.4,20.7,2.6,41,30.1,0
2022-12-12,R1,12,75-84,F,16.1,9.2,23.0,6.6,53,18.5,0
2022-12-13,R1,8,75-84,F,20.0,14.1,24.8,14.0,68,18.5,0
2022-12-14,R1,7,55-64,F,14.3,9.5,17.8,5.1,53,20.3,0
2022-12-15,R1,14,75-84,M,18.2,13.7,23.3,12.8,70,28.4,0
2022-12-16,R1,14,75-84,M,22.5,16.9,26.9,9.4,43,27.7,0
2022-12-17,R1,15,75-84,M,17.3,11.7,23.5,13.0,75,22.7,0
2022-12-18,R1,12,45-54,F,14.6,8.9,20.6,6.9,59,18.8,0
2022-12-19,R1,7,55-64,F,18.7,13.4,23.6,9.8,56,24.5,0
2022-12-20,R1,11,45-54,F,15.1,10.4,18.7,12.6,84,20.5,0
2022-12-21,R1,14,85+,M,13.4,6.7,18.5,9.4,76,30.3,0
2022-12-22,R1,11,85+,F,12.6,7.8,18.2,3.2,52,21.9,0
2022-12-23,R1,12,65-74,M,17.5,12.7,21.8,8.5,55,27.0,0
2022-12-24,R1,8,85+,F,19.6,13.8,24.0,13.4,67,26.4,0
2022-12-25,R1,10,75-84,F,12.4,6.9,18.1,2.8,51,16.8,1
2022-12-26,R1,7,85+,F,14.2,9.9,19.5,1.0,40,23.6,0
2022-12-27,R1,12,85+,M,18.3,12.6,22.3,4.7,40,19.6,0
2022-12-28,R1,10,75-84,F,15.9,10.1,20.6,4.3,46,29.1,0
2022-12-29,R1,9,45-54,F,13.2,7.2,17.5,8.3,72,13.0,0
2022-12-30,R1,14,45-54,F,11.2,5.6,17.3,0.9,49,22.9,0
2022-12-31,R1,8,45-54,F,18.4,12.9,23.2,10.9,61,27.8,0
